Canonical_PostEra_ID,suspected_SMILES,IC50_(µM),IC50_CI_(Lower)_(µM),IC50_CI_(Upper)_(µM),Hill_slope,Curve_class,Semiquant
AAR-POS-5507155c-1,CS(=O)(=O)c1ccc(N2CCNCC2)cc1.Cl.Cl,> 99.5,,,,,Weak
AAR-POS-8a4e0f60-7,CN(C(=O)Cn1nnc2ccccc21)c1ccc(Oc2ccc(C(F)(F)F)cn2)cc1,37.8,32.7,43.8,1.23,2.1,Quant
AAR-POS-d2a4d1df-27,"CC1=CC=C(C=C1)S(=O)(=O)N1CCN(CC1)C(=O)CCl |c:3,5,t:1|",21.0,19.6,22.6,1.45,1.1,Quant
AAR-RCN-28a8122f-1,N#Cc1nccn1CCc1cccc(Cl)c1,> 99.5,,,1.71,3.0,Weak
AAR-RCN-37d0aa00-1,N#Cc1nccc(Cl)n1,> 99.5,,,1.01,3.0,Weak
AAR-RCN-390aeb1f-1,COc1cc(OC)[n+](C)c(C#N)n1.O=S(=O)([O-])C(F)(F)F,> 99.5,,,,,Weak
AAR-RCN-521d1733-1,C[n+]1ccn(CCc2cccc(Cl)c2)c1C#N.O=S(=O)([O-])C(F)(F)F,> 99.5,,,1.23,2.3,Weak
AAR-RCN-67438d21-1,CC1(C)OB(c2cnc(C#N)nc2)OC1(C)C,> 99.5,,,,,Weak
AAR-RCN-748c104b-1,COc1cc(OC)nc(C#N)n1,> 99.5,,,,,Weak
AAR-RCN-845f9611-1,N#Cc1nccn1CCCc1cccc(Cl)c1,> 99.5,,,,,Weak
AAR-RCN-8752a6eb-1,Cc1cc(C)nc(C#N)n1,> 99.5,,,,,Weak
AAR-RCN-934be69e-1,N#Cc1ncc(Cl)cn1,> 99.5,,,1.64,2.3,Weak
AAR-RCN-98de6bc7-1,N#Cc1ncc(Br)cn1,> 99.5,,,1.08,2.1,Weak
AAR-RCN-9f0de475-1,Cc1cc(C)[n+](C)c(C#N)n1.O=S(=O)([O-])C(F)(F)F,> 99.5,,,0.398,3.0,Weak
AAR-RCN-dbf5c5ee-1,C[n+]1ccn(CCCc2cccc(Cl)c2)c1C#N.O=S(=O)([O-])C(F)(F)F,> 99.5,,,1.07,2.1,Weak
AAR-RCN-ec065b93-1,N#Cc1ncc(F)cn1,> 99.5,,,,,Weak
ADA-UCB-6c2cb422-1,O=C(Cc1cccc(Cl)c1)Nc1cncc2ccccc12,0.721,0.647,0.804,1.14,1.1,Quant
AGN-NEW-891393a6-1,COc1cc(Cl)cc(OC(=O)Nc2cccnc2)c1,6.68,6.01,7.43,1.06,1.1,Quant
ALP-POS-05819dc4-1,COc1ccc(Cl)cc1OCCNC(=O)c1cc(=O)[nH]c2ccccc12,> 99.5,,,,,Weak
ALP-POS-0c2c77e1-1,O=C(Cc1cccc(Cl)c1)Nc1cnccc1-c1ccccc1,40.9,37.9,44.1,1.24,2.1,Quant
ALP-POS-3fc1724e-1,COc1c(Cl)cccc1OCCNC(=O)c1cc(=O)[nH]c2ccccc12,6.39,5.28,7.73,0.839,1.1,Quant
ALP-POS-6479a3a9-1,"ClC1=CC=C(CNS(=O)(=O)CC2(CC2)C#N)C(CC(=O)NC2=CN=CC3=CC=CC=C23)=C1 |c:24,28,33,t:1,3,22,26,30|",0.133,0.119,0.148,1.03,2.1,Quant
ALP-POS-6479a3a9-2,CS(=O)(=O)NCc1ccc(Cl)cc1CC(=O)Nc1cncc2ccccc12,0.376,0.303,0.467,0.921,1.1,Quant
ALP-POS-6495d03e-7,Nc1nn(C(=O)Cc2cccc(Cl)c2)c2cccnc12,> 99.5,,,0.867,3.0,Weak
ALP-POS-64a710fa-1,O=C(Cc1cncc2ccccc12)N(CCC1CCCCC1)Cc1cccs1,9.86,6.14,15.8,1.01,1.3,Quant
ALP-POS-64a710fa-2,CN(C)CCCN(Cc1cccs1)C(=O)Cc1cncc2ccccc12,> 99.5,,,1.47,2.3,Weak
ALP-POS-6747fa38-1,"CC(=O)N1CCN(CC(=O)NC2=CN=CC3=CC=CC=C23)CC1 |c:13,17,t:11,15,19|",51.7,21.9,122,0.733,2.3,Quant
ALP-POS-6d04362c-1,CN(C)c1ccc(N(Cc2ccccc2)C(=O)Cn2nnc3ccccc32)cc1,5.05,3.93,6.50,1.17,1.1,Quant
ALP-POS-6d04362c-2,CN(C)c1ccc(N(Cc2cccc(Cl)c2)C(=O)Cn2nnc3ccccc32)cc1,0.497,0.424,0.582,1.15,1.1,Quant
ALP-POS-6d04362c-3,O=C(Cn1nnc2ccccc21)N(Cc1ccsc1)c1ccc(N2CCCCC2)cc1,6.56,5.64,7.63,0.942,1.1,Quant
ALP-POS-6d04362c-4,O=C(Cn1nnc2ccccc21)N(Cc1ccsc1)c1ccc(N2CCOCC2)cc1,11.6,9.95,13.6,1.13,1.1,Quant
ALP-POS-6d04362c-5,O=C(Cn1nnc2ccccc21)N(Cc1ccccc1)c1ccc(N2CCOCC2)cc1,19.8,14.9,26.2,1.23,1.1,Quant
ALP-POS-76eab5ce-2,O=C(NCc1cccc(Cl)c1)c1cncc2ccccc12,32.0,27.9,36.6,1.1,2.1,Quant
ALP-POS-79636100-3,Cc1cc(C(F)(F)F)nc2c1c(N)nn2C(=O)Cc1cccc(Cl)c1,> 99.5,,,1.22,2.3,Weak
ALP-POS-7c842ab8-1,Cn1cc(CN(C(=O)Cn2nnc3ccccc32)c2ccc(N3CCCCC3)cc2)cn1,> 99.5,,,1.18,2.1,Weak
ALP-POS-87c86d55-1,CN(C)c1ccc(N(Cc2cscn2)C(=O)Cn2nnc3ccccc32)cc1,4.85,4.58,5.14,1.11,1.1,Quant
ALP-POS-87c86d55-2,CCC(=O)Nc1ccc(N(Cc2cscn2)C(=O)Cn2nnc3ccccc32)cc1,25.0,21.4,29.1,1.32,2.1,Quant
ALP-POS-8ed8d9ec-13,O=C(Cc1nnn2ccccc12)N(Cc1ccccc1)c1ccc(N2CCCCC2)cc1,> 99.5,,,1.11,2.1,Weak
ALP-POS-902f21bb-1,Nc1nn(C(=O)Cc2cccc(Cl)c2)c2cc(F)ccc12,> 99.5,,,1.25,2.3,Weak
ALP-POS-91609ae9-3,O=C1N(Cc2cccc(Cl)c2)CCN1c1nccc2[nH]ncc12,4.56,2.80,7.43,1.18,1.3,Quant
ALP-POS-95b75b4d-1,Cc1ccncc1NC(=O)Cc1cccc(F)c1,96.9,75.0,125,1.74,2.3,Quant
ALP-POS-95b75b4d-5,O=C(Cc1cccc(Cl)c1)Nc1cnccc1C1CC1,7.17,6.72,7.66,1.07,1.1,Quant
ALP-POS-a1bdc92a-1,CCC(=O)Nc1ccc(N(Cc2ccccc2)C(=O)n2nnc3ccccc32)cc1,> 99.5,,,,,Weak
ALP-POS-a3de0cb1-1,CCC(=O)Nc1ccc(N(Cc2ccccc2)C(=O)Nn2nnc3ccccc32)cc1,3.59,3.39,3.80,1.08,1.1,Quant
ALP-POS-a3de0cb1-15,COc1ccc(N(Cc2ccccc2)C(=O)Cc2c[nH]c3ccccc23)cc1,> 99.5,,,0.819,3.0,Weak
ALP-POS-a3de0cb1-16,O=C1CCCCN1c1ccc(N(Cc2ccccc2)C(=O)Cc2n[nH]c3ccccc23)cc1,39.4,4.94,315,0.333,2.3,Quant
ALP-POS-c0c213c9-1,COc1ccc2nnn(CC(=O)N(Cc3ccccn3)c3ccc(C4CCNCC4)cc3)c2c1,38.8,33.9,44.3,1.57,2.1,Quant
ALP-POS-c0c213c9-10,O=C(CN(C(=O)Cc1cccnc1)c1ccc(-c2ncccn2)cc1)N1CCNCC1,> 99.5,,,,,Weak
ALP-POS-c0c213c9-11,NCc1cn(CC(=O)N(Cc2ccsc2)c2ccc(-n3cnnc3)cc2)nn1,> 99.5,,,0.419,2.3,Weak
ALP-POS-c0c213c9-15,O=C(Cn1nnc2ccccc21)N(Cc1ccccn1)c1cnc(-c2ccccc2)nc1,> 99.5,,,0.829,3.0,Weak
ALP-POS-c0c213c9-18,O=C(Cn1nnc2ccccc21)N(Cc1ccccn1)c1ccc(-n2cnnc2)cc1,> 99.5,,,0.914,2.1,Weak
ALP-POS-c0c213c9-20,O=C(CN(C(=O)Cn1ccnn1)c1ccc(-c2ccccn2)cc1)N1CCNCC1,> 99.5,,,,,Weak
ALP-POS-c0c213c9-3,O=C(CN(C(=O)Cn1nnc2ccccc21)c1ccc(-c2ccccc2)cc1)N1CCNCC1,> 99.5,,,1.9,2.3,Weak
ALP-POS-c0c213c9-4,NCc1cn(CC(=O)N(Cc2cscn2)c2ccc(-c3ccccc3)nc2)nn1,> 99.5,,,2.44,4.0,Weak
ALP-POS-c0c213c9-5,NCc1cn(CC(=O)N(Cc2ccsc2)c2ccc(-c3ccccc3)cc2)nn1,> 99.5,,,0.949,2.3,Weak
ALP-POS-c0c213c9-6,CC(C)(C(N)=O)c1ccc(N(Cc2ccsc2)C(=O)Cn2nnc3ccccc32)cc1,3.17,2.92,3.43,1.05,1.1,Quant
ALP-POS-c0c213c9-7,NCc1cn(CC(=O)N(CC(=O)N2CCNCC2)c2ccc(-c3ccccc3)cc2)nn1,> 99.5,,,0.905,2.3,Weak
ALP-POS-c3a96089-1,Cc1ccc(N(Cc2cscn2)C(=O)Cc2cncc3ccccc23)cc1,8.09,7.51,8.71,1.11,1.1,Quant
ALP-POS-c3a96089-2,Cc1ccc(N(Cc2cscn2)C(=O)Cc2cncc3ccccc23)nc1,> 99.5,,,1.51,2.3,Weak
ALP-POS-c3a96089-4,CC(=O)Nc1ccc(N(Cc2cccc(Cl)c2)C(=O)Cc2cncc3ccccc23)cn1,0.712,0.665,0.762,1.08,1.1,Quant
ALP-POS-c59291d4-1,O=C(Cn1nnc2ccccc21)N(Cc1ccsc1)c1ccc(-c2ccccc2)cc1,5.32,3.33,8.50,0.745,1.3,Quant
ALP-POS-c59291d4-2,CCC(=O)Nc1ccc(N(Cc2ccsc2)C(=O)Cn2nnc3ccccc32)cc1,1.63,1.07,2.47,1.37,1.3,Quant
ALP-POS-c59291d4-3,O=C(Nc1ccc(N(Cc2ccsc2)C(=O)Cn2nnc3ccccc32)cc1)C1CC1,3.99,2.78,5.74,1.29,1.1,Quant
ALP-POS-c59291d4-4,CNc1ccc(N(Cc2ccsc2)C(=O)Cn2nnc3ccccc32)cc1,4.33,2.95,6.35,2.0,1.1,Quant
ALP-POS-c59291d4-5,O=C(Oc1cncc(Cl)c1)c1cccc2[nH]ccc12,< 0.0500,,,2.82,2.3,Strong
ALP-POS-cd485364-1,Nc1nn(C(=O)Cc2cccc(Cl)c2)c2ccc(F)cc12,> 99.5,,,1.78,2.3,Weak
ALP-POS-cd485364-2,Nc1cncc2c1CCCN2C(=O)Cc1cccc(Cl)c1,25.5,23.7,27.5,1.2,2.1,Quant
ALP-POS-ce760d3f-3,[H][C@@]1(C(=O)Nc2cncc3ccncc23)CCOc2ccc(Cl)cc21,0.991,0.917,1.07,1.11,1.1,Quant
ALP-POS-ce760d3f-4,[H][C@@]1(C(=O)Nc2c[n+]([O-])cc3ccccc23)CCOc2ccc(Cl)cc21,13.7,8.09,23.3,1.57,1.3,Quant
ALP-POS-d054b76b-5,N#CC1CN(S(=O)(=O)NCc2ccc(Cl)cc2CC(=O)Nc2cncc3ccccc23)C1,0.231,0.216,0.246,1.12,2.1,Quant
ALP-POS-d2866bdf-1,"CN(C)C1=CC=C(C=C1)N(CC1=CSC=C1)C(=O)CN1N=NC2=CC=CC=C12 |c:5,7,15,22,26,t:3,12,24,28|",1.79,0.507,6.35,1.93,1.3,Quant
ALP-POS-ddb41b15-3,CN(C)c1cncc(CN(C(=O)c2cc(=O)[nH]c3ccccc23)c2cccc(Cl)c2)c1,57.7,48.8,68.3,2.18,2.3,Quant
ALP-POS-ddb41b15-4,COc1cccc(CCN(C(=O)c2cc(=O)[nH]c3ccccc23)c2cccc(Cl)c2)c1,4.07,3.41,4.86,1.15,1.1,Quant
ALP-POS-f13221e1-2,O=C(COc1cccc(Cl)c1)Nc1cncc2ccccc12,11.2,9.97,12.5,1.07,1.1,Quant
ALP-POS-f13221e1-3,O=C(CCc1cccc(Cl)c1)Nc1cncc2ccccc12,20.8,17.5,24.7,1.15,2.1,Quant
ALP-POS-f13221e1-4,Cc1ccncc1NC(=O)CCc1cccc(Cl)c1,> 99.5,,,1.44,2.3,Weak
ANN-UNI-98d2bf15-1,Cc1ccncc1NC(=O)Cc1ccccc1N,> 99.5,,,2.65,3.0,Weak
ANN-UNI-98d2bf15-3,NC(=O)c1ccncc1NC(=O)Cc1cccc(Cl)c1,> 99.5,,,1.96,2.3,Weak
ASA-WEI-839d033f-1,C[C@@H]1[C@@]2(CC[C@@H](C)CO2)O[C@H]2C[C@H]3[C@@H]4CC=C5C[C@@H](O)CC[C@]5(C)[C@H]4CC[C@]3(C)[C@@]21O,> 99.5,,,,,Weak
BAR-COM-0f94fc3d-48,Cc1ccncc1NC(=O)CN1C(=O)COc2ccc(Cl)cc21,59.9,11.5,312,0.9,2.3,Quant
BEN-DND-03406596-11,C[C@H](C(=O)Nc1cncnc1)c1ccccc1,> 99.5,,,,,Weak
BEN-DND-03406596-12,C[C@@H](C(=O)Nc1cncnc1)c1ccccc1,> 99.5,,,,,Weak
BEN-DND-03406596-8,O=C(CCl)N1CCCN(S(=O)(=O)c2ccc(F)cc2)CC1,44.0,28.5,67.9,1.48,2.3,Quant
BEN-DND-03ad4429-1,O=C1CCN(S(=O)(=O)c2cccc(F)c2)CC1,> 99.5,,,0.171,4.0,Weak
BEN-DND-03ad4429-2,O=C1CCCN(S(=O)(=O)c2cccc(F)c2)CC1,> 99.5,,,0.276,4.0,Weak
BEN-DND-03ad4429-4,O=C(/C=C/c1ccccc1)N1CCN(S(=O)(=O)c2cccc(F)c2)CC1,> 99.5,,,,,Weak
BEN-DND-03ad4429-5,O=C1CCN(S(=O)(=O)c2cccs2)CC1,> 99.5,,,0.522,4.0,Weak
BEN-DND-03ad4429-6,O=C1CCCN(S(=O)(=O)c2cccs2)CC1,> 99.5,,,0.326,2.3,Weak
BEN-DND-09b88bf4-7,Cc1ccncc1NC(=O)CN1CCN(CC1)C(=O)OCc1ccccc1,> 99.5,,,,,Weak
BEN-DND-09b88bf4-8,Cc1ccncc1NC(=O)CN1CCN(CC1)C(=O)OC(C)(C)C,> 99.5,,,,,Weak
BEN-DND-1e24cf73-1,O=C(Cc1cccc(Cl)c1)Nc1cncn1-c1ccccc1,> 99.5,,,1.41,2.3,Weak
BEN-DND-4f474d93-1,O=C(Nc1cncc2cnccc12)[C@@H]1CCOc2ccc(Cl)cc21,3.10,2.04,4.70,1.22,1.3,Quant
BEN-DND-4f474d93-2,[H][C@]1(C(=O)Nc2cncc3ccncc23)CCOc2ccc(Cl)cc21,> 7.46,,,0.289,2.3,Weak
BEN-DND-61647d40-12,"ClC1=CC=CC(NC(=O)CN2N=NC3=CC=CC=C23)=C1 |c:3,11,15,20,t:1,13,17|",> 99.5,,,0.239,2.3,Weak
BEN-DND-61647d40-13,O=C(Cn1cnc2ccccc21)Nc1cccc(Cl)c1,87.2,73.3,104,0.959,2.1,Quant
BEN-DND-6de5dfa0-1,CCC(=O)N1CCN(CC(=O)Nc2cnccc2C)CC1,> 99.5,,,,,Weak
BEN-DND-6de5dfa0-2,Cc1ccncc1NC(=O)CN1CCN(CC1)C(=O)c1ccccc1,> 99.5,,,,,Weak
BEN-DND-6de5dfa0-3,Cc1ccncc1NC(=O)CN1CCN(CC1)S(C)(=O)=O,> 99.5,,,1.91,2.3,Weak
BEN-DND-6de5dfa0-4,Cc1ccncc1NC(=O)CN1CCNC(=O)C1,> 99.5,,,,,Weak
BEN-DND-6de5dfa0-7,CCOC(=O)N1CCN(CC(=O)Nc2cnccc2C)CC1,> 99.5,,,,,Weak
BEN-DND-7e92b6ca-10,O=C(c1cc(=O)[nH]c2ccccc12)N1CCN(Cc2ccccc2)CC1,8.76,7.96,9.64,1.12,1.1,Quant
BEN-DND-7e92b6ca-11,COc1ccc(N2CCN(C(=O)c3cc(=O)[nH]c4ccccc34)CC2)cc1,14.7,13.8,15.6,1.14,1.1,Quant
BEN-DND-7e92b6ca-12,COc1cccc(N2CCN(C(=O)c3cc(O)nc4ccccc34)CC2)c1,7.55,7.18,7.93,1.06,1.1,Quant
BEN-DND-7e92b6ca-13,COc1ccccc1N1CCN(C(=O)c2cc(O)nc3ccccc23)CC1,32.8,30.4,35.3,1.24,2.1,Quant
BEN-DND-7e92b6ca-14,O=C(c1cc(O)nc2ccccc12)N1CCN(c2ccc(F)cc2)CC1,16.5,15.5,17.6,1.15,1.1,Quant
BEN-DND-7e92b6ca-16,O=C(c1cc(=O)[nH]c2ccccc12)N1CCN(c2ccccc2F)CC1,24.0,22.0,26.1,1.2,2.1,Quant
BEN-DND-7e92b6ca-4,O=C(NCCNc1ccccc1)c1cc(=O)[nH]c2ccccc12,> 99.5,,,0.88,2.3,Weak
BEN-DND-7e92b6ca-5,O=C(NCCOc1ccccc1)c1cc(=O)[nH]c2ccccc12,> 99.5,,,0.697,2.3,Weak
BEN-DND-93268d01-11,Cc1ccncc1NC(=O)CN1CCCCC1,> 99.5,,,1.09,2.3,Weak
BEN-DND-93268d01-6,Cc1ccncc1NC(=O)CCc1cccc(F)c1,58.5,43.5,78.5,0.79,2.1,Quant
BEN-DND-93268d01-8,CC(=O)N1CCN(CC(=O)Nc2cnccc2C)CC1,0.638,0.602,0.676,1.07,1.1,Quant
BEN-DND-93268d01-9,CN1CCN(CC(=O)Nc2cnccc2C)CC1,> 99.5,,,,,Weak
BEN-DND-f2e727cd-1,O=C(Nc1cncc2ccccc12)N1CCOc2ccc(Cl)cc21,11.4,10.1,12.9,1.21,1.1,Quant
CHO-MSK-00c5269a-1,Cc1ccc(N(Cc2cccc(Cl)c2)C(=O)Cn2nnc3ccccc32)cc1,2.33,2.00,2.72,0.946,1.1,Quant
CHO-MSK-00c5269a-2,COc1ccc(N(Cc2cccc(Cl)c2)C(=O)Cn2nnc3ccccc32)cc1,1.14,1.06,1.23,1.04,1.1,Quant
CHO-MSK-00c5269a-4,O=C(Cn1nnc2ccccc21)N(Cc1cccc(Cl)c1)c1ccc(N2CCOCC2)cc1,3.70,3.42,4.00,1.02,1.1,Quant
CHO-MSK-00c5269a-5,O=C(Cn1nnc2ccccc21)N(Cc1cccc(Cl)c1)c1ccc(N2CCCCC2)cc1,3.65,2.72,4.89,0.657,1.1,Quant
CHO-MSK-6e55470f-14,COc1cc(COc2cc(Cl)cc(CC(=O)Nc3cnccc3C)c2)ccc1OC(F)F,> 99.5,,,0.152,2.3,Weak
CHO-MSK-6e55470f-17,CCOC(=O)c1c(COc2cc(Cl)cc(CC(=O)Nc3cnccc3C)c2)oc2ccccc12,> 99.5,,,0.634,2.3,Weak
CHO-MSK-6e55470f-19,Cc1ccncc1NC(=O)Cc1cc(Cl)cc(OCc2cc(-c3ccc(Cl)cc3)no2)c1,> 99.5,,,0.454,2.3,Weak
CHO-MSK-6e55470f-22,COc1ccc(-c2cc(COc3cc(Cl)cc(CC(=O)Nc4cnccc4C)c3)on2)cc1,81.5,54.1,123,0.624,2.3,Quant
CHO-MSK-6e55470f-24,Cc1ccncc1NC(=O)Cc1cc(Cl)cc(OCc2nn(C(=O)OC(C)(C)C)c3ccccc23)c1,> 99.5,,,1.61,2.3,Weak
CHO-MSK-6e55470f-5,Cc1noc(COc2cc(Cl)cc(CC(=O)Nc3cnccc3C)c2)n1,23.9,20.2,28.3,1.19,2.1,Quant
CHO-MSK-6e55470f-7,Cc1ccncc1NC(=O)Cc1cc(Cl)cc(OCc2nnc(C3CCCCC3)o2)c1,20.6,13.6,31.3,0.694,2.3,Quant
CHR-SOS-7098f804-10,O=C(Nc1cnccc1Cl)c1cc(Cl)ccc1O,24.2,21.4,27.4,1.4,2.1,Quant
CHR-SOS-7098f804-14,O=C(Nc1cccnc1)c1cc(Cl)ccc1-c1ccccc1,39.1,32.2,47.4,1.13,2.1,Quant
DAN-MCD-02570321-1,N#Cc1cccc(NC(=O)[C@@H]2CN(C(=O)CCl)CCN2S(=O)(=O)c2ccsc2)c1,0.416,0.341,0.507,1.35,1.1,Quant
DAN-MCD-0742953f-1,CCOC(=O)c1cccc(NC(=O)[C@@H]2CN(C(=O)CCl)CCN2S(=O)(=O)c2ccsc2)c1,0.459,0.424,0.497,1.53,1.1,Quant
DAN-MCD-0c04f563-1,COc1ccc(NC(=O)[C@@H]2CN(C(=O)CCl)CCN2S(=O)(=O)c2ccsc2)cc1,0.450,0.403,0.503,1.73,1.1,Quant
DAN-MCD-0fb4364c-1,O=C(Nc1ccccn1)[C@H]1CN(C(=O)CCl)CCN1S(=O)(=O)c1ccsc1,4.77,4.30,5.29,1.38,1.1,Quant
DAN-MCD-1a622181-1,O=C(NCCc1ccccc1)[C@H]1CN(C(=O)CCl)CCN1S(=O)(=O)c1ccsc1,2.43,1.95,3.02,1.68,1.1,Quant
DAN-MCD-1c3944e2-1,Cc1ccc(S(=O)(=O)N2CCN(C(=O)CCl)C[C@H]2C(=O)NCc2ccccc2)cc1,3.65,2.89,4.62,1.43,1.1,Quant
DAN-MCD-34fd4f29-1,Cc1ccc(S(=O)(=O)N2CCN(C(=O)CCl)C[C@H]2C(=O)NCCc2ccccc2)cc1,11.8,9.17,15.3,1.89,1.1,Quant
DAN-MCD-3bfdcef2-1,Cc1cccc(C)c1NC(=O)[C@@H]1CN(C(=O)CCl)CCN1S(=O)(=O)c1ccsc1,1.64,1.30,2.06,1.36,1.1,Quant
DAN-MCD-3ec20f87-1,O=C(CCl)N1CCN(S(=O)(=O)c2ccsc2)[C@H](C(=O)N2CCOCC2)C1,2.88,2.48,3.35,1.98,1.1,Quant
DAN-MCD-50d01569-1,O=C(Nc1ccc2ccccc2c1)[C@@H]1CN(C(=O)CCl)CCN1S(=O)(=O)c1ccsc1,0.523,0.475,0.575,1.56,1.1,Quant
DAN-MCD-52f1549c-1,O=C(NCc1ccccn1)[C@H]1CN(C(=O)CCl)CCN1S(=O)(=O)c1ccsc1,0.307,0.285,0.331,1.37,1.1,Quant
DAN-MCD-68a9aade-1,"ClCC(=O)N1CCN([C@@H](C1)C(=O)NC1=CC=CC=C1)S(=O)(=O)C1=CSC=C1 |c:16,18,27,t:14,24|",0.716,0.661,0.776,1.59,1.1,Quant
DAN-MCD-7eba3d41-1,O=C(NC1CCCCC1)[C@H]1CN(C(=O)CCl)CCN1S(=O)(=O)c1ccsc1,1.14,1.02,1.28,1.49,1.1,Quant
DAN-MCD-881986d8-1,Cc1ccc(S(=O)(=O)N2CCN(C(=O)CCl)C[C@H]2C(=O)NC2CCCCC2)cc1,4.48,3.46,5.81,1.95,1.1,Quant
DAN-MCD-8aee1169-1,O=C(NCc1ccccn1)[C@@H]1CN(C(=O)CCl)CCN1S(=O)(=O)c1ccsc1,0.542,0.520,0.565,1.55,1.1,Quant
DAN-MCD-93e7aadc-1,O=C(NCC1CCCCC1)[C@@H]1CN(C(=O)CCl)CCN1S(=O)(=O)c1ccsc1,1.10,0.966,1.25,1.7,1.1,Quant
DAN-MCD-9950a804-1,O=C(NCCc1ccccc1)[C@@H]1CN(C(=O)CCl)CCN1S(=O)(=O)c1ccsc1,1.28,1.15,1.42,1.39,1.1,Quant
DAN-MCD-9b81d1fa-1,O=C(NCc1ccccc1)[C@H]1CN(C(=O)CCl)CCN1S(=O)(=O)c1ccsc1,0.621,0.550,0.701,1.65,1.1,Quant
DAN-MCD-9cdc9f7f-1,O=C(NC(c1ccccc1)c1ccccc1)[C@@H]1CN(C(=O)CCl)CCN1S(=O)(=O)c1ccsc1,0.635,0.586,0.689,1.58,1.1,Quant
DAN-MCD-b3a5626f-1,O=C(NCc1ccccc1)[C@@H]1CN(C(=O)CCl)CCN1S(=O)(=O)c1ccsc1,0.501,0.458,0.549,1.59,1.1,Quant
DAN-MCD-c163c0bb-1,O=C(Nc1ccc(F)cc1)[C@@H]1CN(C(=O)CCl)CCN1S(=O)(=O)c1ccsc1,0.593,0.521,0.675,1.72,1.1,Quant
DAN-MCD-cb24a79d-1,O=C(CCl)N1CCN(S(=O)(=O)c2ccsc2)[C@H](C(=O)N2CCN(c3ccccc3)CC2)C1,1.98,1.56,2.52,1.83,1.1,Quant
DAN-MCD-e5161b06-1,O=C(Nc1ccccc1)[C@H]1CN(C(=O)CCl)CCN1S(=O)(=O)c1ccsc1,0.386,0.339,0.440,1.55,1.1,Quant
DAN-MCD-f396e45b-1,O=C(NC(c1ccccc1)c1ccccc1)[C@H]1CN(C(=O)CCl)CCN1S(=O)(=O)c1ccsc1,0.832,0.712,0.974,1.62,1.1,Quant
DAR-DIA-23aa0b97-20,"O=C(CC1=CN=CC2=CC=CC=C12)NC1=CC=CC=C1 |c:5,9,18,20,t:3,7,11,16|",61.3,55.6,67.6,1.11,2.1,Quant
DAR-DIA-5ff57136-9,[H][C@@]1(C(=O)N(C(=O)/C=C/C(=O)OC)c2cncc3ccccc23)CCOc2ccc(Cl)cc21,0.500,0.453,0.551,1.02,1.1,Quant
DAR-DIA-8e329c92-2,COc1ccccc1OCCNC(=O)c1cc(N)cc2ccccc12,> 99.5,,,1.23,2.3,Weak
EDG-MED-0da5ad92-15,Cc1ccnnc1NC(=O)Cc1cccc(Cl)c1,> 99.5,,,1.67,2.3,Weak
EDG-MED-0da5ad92-17,Cc1cc(N)ncc1NC(=O)Cc1cccc(Cl)c1,> 99.5,,,1.56,2.3,Weak
EDG-MED-0da5ad92-2,O=C(Cc1cccc(Cl)c1)Nc1cccnc1,53.7,48.6,59.4,1.29,2.1,Quant
EDG-MED-0da5ad92-20,Cc1ccncc1NC(=O)N(Cc1ccccc1)c1cccc(Cl)c1,22.9,21.3,24.7,1.4,2.1,Quant
EDG-MED-0da5ad92-3,Cc1ccncc1NC(=O)N(C)c1cccc(Cl)c1,> 99.5,,,1.65,2.3,Weak
EDG-MED-0da5ad92-7,CCCCOc1ccc(Cl)cc1CC(=O)Nc1cnccc1C,24.8,18.7,32.9,0.886,2.1,Quant
EDG-MED-5d232de5-1,[H][C@@]1(C(=O)Nc2cncc3ccc(F)cc23)CCOc2ccc(Cl)cc21,0.321,0.245,0.420,0.725,1.1,Quant
EDG-MED-5d232de5-2,[H][C@]1(C(=O)Nc2cncc3ccc(F)cc23)CCOc2ccc(Cl)cc21,92.1,82.8,102,0.988,2.1,Quant
EDG-MED-5d232de5-3,[H][C@]1(C(=O)Nc2cncc3ccccc23)CCN(C(C)=O)c2ccc(Cl)cc21,17.2,16.2,18.2,1.12,1.1,Quant
EDG-MED-5d232de5-4,[H][C@@]1(C(=O)Nc2cncc3ccccc23)CCN(C(C)=O)c2ccc(Cl)cc21,0.355,0.339,0.371,1.07,1.1,Quant
EDG-MED-5d232de5-5,[H][C@@]1(C(=O)Nc2cncc3ccccc23)CCN(C)c2ccc(Cl)cc21,0.246,0.203,0.297,0.895,2.1,Quant
EDG-MED-5d232de5-6,[H][C@]1(C(=O)Nc2cncc3ccccc23)CCN(C)c2ccc(Cl)cc21,54.4,40.7,72.8,0.564,2.1,Quant
EDG-MED-5d232de5-7,[H][C@]1(c2cccc(Cl)c2)CCN(c2cncc3ccccc23)C1=O,2.96,2.73,3.21,1.08,1.1,Quant
EDG-MED-5d232de5-8,[H][C@@]1(c2cccc(Cl)c2)CCN(c2cncc3ccccc23)C1=O,39.5,36.4,42.9,1.27,2.1,Quant
EDG-MED-971238d3-1,O=C(Nc1cncc2ccccc12)[C@]1(O)CCOc2ccc(Cl)cc21,0.988,0.887,1.10,1.01,1.1,Quant
EDG-MED-971238d3-4,N[C@]1(C(=O)Nc2cncc3ccccc23)CCOc2ccc(Cl)cc21,47.5,38.3,59.0,1.11,2.1,Quant
EDG-MED-971238d3-5,Cl.Cl.NC[C@@]1(C(=O)Nc2cncc3ccccc23)CCOc2ccc(Cl)cc21,5.02,4.61,5.47,1.05,1.1,Quant
EDJ-MED-00c1612e-1,COc1ccc2cncc(NC(=O)Cc3cccc(Cl)c3)c2c1,0.557,0.523,0.594,0.976,1.1,Quant
EDJ-MED-06d94977-1,CCC(=O)Nc1ccc(N(C)C(=O)Cn2nnc3ccccc32)cc1,> 99.5,,,1.49,2.3,Weak
EDJ-MED-06d94977-2,CN(Cc1cccc(Cl)c1)C(=O)Cn1nnc2ccccc21,> 99.5,,,0.606,2.3,Weak
EDJ-MED-076d6e64-1,O=C(Cc1cccc(Cl)c1)Nc1cncn2cnnc12,> 99.5,,,1.48,2.3,Weak
EDJ-MED-12c115cc-1,[H][C@@]1(C(=O)Nc2cncc3ccccc23)COc2ccc(Cl)cc21,0.483,0.416,0.561,1.2,1.1,Quant
EDJ-MED-12c115cc-2,[H][C@]1(C(=O)Nc2cncc3ccccc23)COc2ccc(Cl)cc21,7.30,1.83,29.1,0.846,2.3,Quant
EDJ-MED-3c65e9ce-2,CC(=O)N1CCN(CC(=O)Nc2cnccc2C2CC2)CC1,> 99.5,,,0.135,2.3,Weak
EDJ-MED-3c65e9ce-3,CC(=O)N1CCN(CC(=O)Nc2cnccc2-c2ccccc2)CC1,> 99.5,,,,,Weak
EDJ-MED-3c65e9ce-4,Cc1ccncc1NC(=O)CN1CCC(C)CC1,49.2,24.3,99.5,1.01,2.3,Quant
EDJ-MED-49816e9b-1,Cc1ccncc1CC(=O)Nc1cccc(Cl)c1,29.9,27.3,32.6,1.12,2.1,Quant
EDJ-MED-4c7486ba-8,"NS(=O)(=O)C1=NNC=C1C(=O)NC[C@]1(CCOC2=CC=C(Cl)C=C12)C(=O)NC1=CN=CC2=CC=CC=C12 |c:7,32,36,t:4,18,20,23,30,34,38|",1.99,1.73,2.28,1.19,1.1,Quant
EDJ-MED-4c7486ba-9,"O[C@]1(CCSC1)C(=O)NC[C@]1(CCOC2=CC=C(Cl)C=C12)C(=O)NC1=CN=CC2=CC=CC=C12 |c:29,33,t:15,17,20,27,31,35|",1.94,1.68,2.24,1.22,1.1,Quant
EDJ-MED-50fe53e8-1,O=C(Cc1cccc(Cl)c1)Nc1nncc2ccccc12,21.7,20.0,23.5,1.3,2.1,Quant
EDJ-MED-50fe53e8-2,O=C(Cc1cccc(Cl)c1)Nc1cnnc2ccccc12,> 99.5,,,1.63,2.3,Weak
EDJ-MED-50fe53e8-3,O=C(Cc1cccc(Cl)c1)Nc1ncn2ccccc12,> 99.5,,,1.35,2.3,Weak
EDJ-MED-611d11e7-12,[H][C@@]1(C(=O)Nc2cncc3ccncc23)CCOc2cc(F)c(Cl)cc21,0.397,0.362,0.435,0.964,1.1,Quant
EDJ-MED-611d11e7-4,CO[C@@]1(C(=O)Nc2cncc3ccc(F)cc23)CCOc2ccc(Cl)cc21,0.160,0.149,0.172,1.04,1.1,Quant
EDJ-MED-611d11e7-5,[H][C@]1(C(=O)Nc2cncc3ccc(F)cc23)CCNc2cc(Cl)c(Cl)cc21,12.1,11.0,13.2,0.944,1.1,Quant
EDJ-MED-611d11e7-6,[H][C@]1(C(=O)Nc2cncc3ccc(F)cc23)CCOc2cc(F)c(Cl)cc21,5.77,3.97,8.40,0.726,1.1,Quant
EDJ-MED-611d11e7-7,COc1ccc2cncc(NC(=O)[C@]3(OC)CCOc4ccc(Cl)cc43)c2c1,0.0765,0.0702,0.0832,1.15,1.1,Quant
EDJ-MED-611d11e7-8,[H][C@]1(C(=O)Nc2cncc3ccc(OC)cc23)CCNc2cc(Cl)c(Cl)cc21,27.2,21.4,34.6,0.634,2.1,Quant
EDJ-MED-6af13d92-1,COc1ccccc1OCCNC(=O)c1cc(=O)[nH]c2cccc(C)c12,10.6,8.85,12.7,1.2,1.1,Quant
EDJ-MED-6af13d92-3,COc1ccccc1OCCNC(=O)c1cc(=O)[nH]c2cccc(OC)c12,2.03,1.81,2.27,0.976,1.1,Quant
EDJ-MED-6e43a462-1,COc1ccn2c(NC(=O)Cc3cccc(Cl)c3)cnc2c1,> 99.5,,,1.15,2.3,Weak
EDJ-MED-6e43a462-11,O=C(Cc1cccc(Cl)c1)Nc1cnc2n1CCCC2,93.8,73.8,119,1.67,2.3,Quant
EDJ-MED-6e43a462-2,COc1ccc2ncc(NC(=O)Cc3cccc(Cl)c3)n2c1,15.9,13.4,18.8,1.2,1.1,Quant
EDJ-MED-6e43a462-3,COc1cccc2ncc(NC(=O)Cc3cccc(Cl)c3)n12,> 99.5,,,,,Weak
EDJ-MED-92e193ae-1,[H][C@@]1(C(=O)Nc2cncc3ccccc23)CCNc2ccc(Cl)cc21,0.230,0.216,0.245,1.13,2.1,Quant
EDJ-MED-92e193ae-2,[H][C@]1(C(=O)Nc2cncc3ccccc23)CCNc2ccc(Cl)cc21,> 99.5,,,1.45,2.3,Weak
EDJ-MED-976da9a6-1,O=C(Cc1cccc(Cl)c1)Nc1cncc2c1OCCC2,14.0,12.1,16.3,1.31,1.1,Quant
EDJ-MED-a364e151-1,O=C(Cc1cccc(Cl)c1)Nc1cncc2c1CCCC2,> 99.5,,,,,Weak
EDJ-MED-b24713dc-1,Cc1ccn2c(NC(=O)Cc3cccc(Cl)c3)cnc2c1,19.6,17.8,21.5,0.969,2.1,Quant
EDJ-MED-b24713dc-2,Cc1cccc2ncc(NC(=O)Cc3cccc(Cl)c3)n12,5.54,4.96,6.18,1.13,1.1,Quant
EDJ-MED-b24713dc-3,Cc1ccc2ncc(NC(=O)Cc3cccc(Cl)c3)n2c1,9.01,8.60,9.44,1.12,1.1,Quant
EDJ-MED-bbe8e3da-2,COc1cccc2[nH]c(=O)cc(C(=O)NCCOc3ccccc3OCC3CC3)c12,5.52,3.96,7.68,0.825,1.1,Quant
EDJ-MED-c292668a-1,O=C1CN(C(=O)Cc2cccc(Cl)c2)Cc2ccccc21,> 99.5,,,0.841,3.0,Weak
EDJ-MED-c314995a-1,O=C(Nc1cncc2ccccc12)N(CCC1CCCCC1)c1cccc(Cl)c1,0.261,0.246,0.276,1.03,2.1,Quant
EDJ-MED-c5ca5386-1,O=C(Cc1cccc(Cl)c1)Nc1cncc2cc(F)cc(Cl)c12,0.718,0.660,0.781,1.49,1.1,Quant
EDJ-MED-c8e7a002-1,COc1ccc2c(NC(=O)Cc3cccc(Cl)c3)noc2c1,> 99.5,,,,,Weak
EDJ-MED-c8e7a002-10,O=C(Cc1cccc(Cl)c1)Nc1[nH]nc2cc(F)ccc12,> 99.5,,,,,Weak
EDJ-MED-c8e7a002-11,O=C(Cc1cccc(Cl)c1)Nc1n[nH]c2ccccc12,> 99.5,,,1.67,2.3,Weak
EDJ-MED-c8e7a002-12,O=C(Cc1cccc(Cl)c1)Nc1cccc2cn[nH]c12,> 99.5,,,0.617,2.3,Weak
EDJ-MED-c8e7a002-13,O=C(Cc1cccc(Cl)c1)Nc1[nH]nc2cccc(F)c12,> 99.5,,,1.02,2.3,Weak
EDJ-MED-c8e7a002-14,O=C(Cc1cccc(Cl)c1)Nc1[nH]nc2cccnc12,> 99.5,,,2.6,2.3,Weak
EDJ-MED-c8e7a002-15,O=C(Cc1cccc(Cl)c1)Nc1n[nH]c2ccnc(Br)c12,> 99.5,,,,,Weak
EDJ-MED-c8e7a002-16,O=C(Cc1cccc(Cl)c1)Nc1n[nH]c2ccncc12,> 99.5,,,,,Weak
EDJ-MED-c8e7a002-2,COc1ccc2[nH]nc(NC(=O)Cc3cccc(Cl)c3)c2c1,> 99.5,,,,,Weak
EDJ-MED-c8e7a002-3,COc1ccc2c(NC(=O)Cc3cccc(Cl)c3)[nH]nc2c1,> 99.5,,,2.09,2.3,Weak
EDJ-MED-c8e7a002-4,Cc1ccn2cnnc2c1NC(=O)Cc1cccc(Cl)c1,75.3,67.8,83.6,1.1,2.1,Quant
EDJ-MED-c8e7a002-5,Cc1cc(C(F)(F)F)nc2n[nH]c(NC(=O)Cc3cccc(Cl)c3)c12,> 99.5,,,1.69,2.3,Weak
EDJ-MED-c8e7a002-6,Cc1nn(C)c2[nH]nc(NC(=O)Cc3cccc(Cl)c3)c12,> 99.5,,,2.68,3.0,Weak
EDJ-MED-c8e7a002-9,O=C(Cc1cccc(Cl)c1)Nc1n[nH]c2ccc(F)cc12,> 99.5,,,1.07,2.1,Weak
EDJ-MED-d08626de-1,CO[C@]1(C(=O)Nc2cncc3ccccc23)CCOc2ccc(Cl)cc21,38.5,36.0,41.3,1.05,2.1,Quant
EDJ-MED-d08626de-3,CO[C@@]1(C(=O)Nc2cncc3ccccc23)CCOc2cc(Cl)c(Cl)cc21,0.307,0.286,0.330,1.06,2.1,Quant
EDJ-MED-d08626de-4,CO[C@]1(C(=O)Nc2cncc3ccccc23)CCOc2cc(Cl)c(Cl)cc21,60.9,52.9,70.2,0.884,2.1,Quant
EDJ-MED-e4b030d8-11,C[C@H]1COc2ccc(Cl)cc2[C@@H]1C(=O)Nc1cncc2ccccc12,0.169,0.159,0.179,1.03,2.1,Quant
EDJ-MED-e4b030d8-12,O=C(Nc1cncc2ccccc12)[C@@H]1COc2ccc(Cl)cc2C1 |o1:13|,> 7.46,,,1.01,2.1,Weak
EDJ-MED-e4b030d8-13,C[C@@]1(C(=O)Nc2cncc3ccccc23)CCOc2ccc(Cl)cc21,0.284,0.272,0.296,1.08,1.1,Quant
EDJ-MED-e4b030d8-2,"C[C@@H]1C[C@@H](C(=O)Nc2cncc3ccccc23)c2cc(Cl)ccc2O1 |o1:1,3|",0.231,0.217,0.247,1.11,1.1,Quant
EDJ-MED-e4b030d8-3,"C[C@H]1C[C@@H](C(=O)Nc2cncc3ccccc23)c2cc(Cl)ccc2O1 |o1:1,3|",20.1,15.6,25.8,1.13,2.1,Quant
EDJ-MED-e4b030d8-7,COc1cc(Cl)cc2c1OCC[C@H]2C(=O)Nc1cncc2ccccc12 |o1:12|,> 99.5,,,1.09,2.3,Weak
EDJ-MED-e4b030d8-8,"CC1=C(Cl)C=CC2=C1[C@@H](CCO2)C(=O)NC1=CN=CC2=CC=CC=C12 |c:1,4,6,19,23,t:17,21,25|",3.67,3.00,4.49,1.11,1.1,Quant
EDJ-MED-e58735b6-4,Cc1ccncc1NC(=O)Cc1cccc(-c2cn[nH]c2)c1,53.2,47.0,60.1,1.31,2.1,Quant
EDJ-MED-eff36d94-1,[H][C@]1(C(=O)Nc2c[n+]([O-])cc3ccccc23)CCOc2ccc(Cl)cc21,> 99.5,,,0.377,3.0,Weak
ERI-UCB-a0b0dbcb-11,COc1cccc(CN2CCN(C(=O)c3cc(=O)[nH]c4ccccc34)CC2)c1,27.3,25.1,29.8,1.2,2.1,Quant
ERI-UCB-a0b0dbcb-12,O=C(c1cc(O)nc2ccccc12)N1CCN(Cc2cccc(Cl)c2)CC1,4.57,3.94,5.30,0.941,1.1,Quant
ERI-UCB-a0b0dbcb-13,O=C(c1cc(O)nc2ccccc12)N1CCN(Cc2cccc(C(F)(F)F)c2)CC1,34.2,27.2,43.0,0.892,2.1,Quant
ERI-UCB-a0b0dbcb-2,O=C(c1cc(O)nc2ccccc12)N1CCN(c2cccc(Cl)c2)CC1,2.16,2.06,2.27,1.04,1.1,Quant
ERI-UCB-a0b0dbcb-4,O=C(c1cc(=O)[nH]c2ccccc12)N1CCN(c2cccc(C(F)(F)F)c2)CC1,3.80,3.29,4.39,0.96,1.1,Quant
ERI-UCB-a0b0dbcb-8,COc1ccccc1NC1CN(C(=O)c2cc(=O)[nH]c3ccccc23)C1,> 99.5,,,1.13,2.1,Weak
ERI-UCB-a0b0dbcb-9,COc1ccccc1OC1CN(C(=O)c2cc(=O)[nH]c3ccccc23)C1,> 99.5,,,1.13,2.1,Weak
ERI-UCB-d6de1f3c-1,O=C(c1cc(=O)[nH]c2ccccc12)N1CCN(c2cccc(Cl)c2)C(=O)C1,15.8,14.7,17.0,1.1,1.1,Quant
ERI-UCB-d6de1f3c-2,O=C(c1cncc2ccccc12)N1CCN(c2cccc(Cl)c2)C(=O)C1,9.19,8.74,9.66,1.15,1.1,Quant
GAB-REV-70cc3ca5-8,Cc1ccncc1NC(=O)CN(C)S(=O)(=O)c1cccc2cccnc12,> 99.0,,,1.85,2.3,Weak
JAG-UCB-1d922829-1,Cc1ccc(NC2=C(c3ccccc3)C(=O)N(Cc3cccnc3)C2=O)cc1C,> 99.5,,,0.479,2.3,Weak
JAG-UCB-1d922829-2,"CC1=CC=C(NC2=C(C(=O)N(CC3=CC=CN=C3)C2=O)C2=CC=CC=C2)C(C)=C1 |c:14,16,24,26,30,t:1,3,6,12,22|",> 99.5,,,0.439,2.3,Weak
JAG-UCB-1d922829-3,Cc1ccc(NC2=C(c3ccccc3)C(=O)N(Cc3cccnc3)C2=O)cc1Cl,> 99.5,,,0.594,2.3,Weak
JAG-UCB-1d922829-4,CC(=O)N(CC(=O)Nc1ccc(F)c(Cl)c1)c1cccc(Cl)c1,> 99.5,,,0.594,2.3,Weak
JAG-UCB-1d922829-5,CC(=O)N(CC(=O)Nc1ccc(F)c(Cl)c1)c1cccc(C#N)c1,> 99.5,,,,,Weak
JAG-UCB-1d922829-6,CC(=O)N(CC(=O)Nc1ccc(F)c(Cl)c1)c1cccc(C(F)(F)F)c1,> 99.5,,,0.66,2.3,Weak
JAG-UCB-77729364-1,Cc1cc2c(N)nc(=O)n(CC(=O)Nc3cccc(Cl)c3)c2s1,> 99.5,,,,,Weak
JAG-UCB-c37fbdcd-2,COc1ccc(Cl)cc1N1C(=O)CN(Cc2cc(=O)[nH]c3ccccc23)C1=O,> 99.5,,,1.35,2.3,Weak
JAG-UCB-cedd89ab-1,Cc1ccncc1N1CCN(c2cccc(Cl)c2)C1=O,81.7,70.0,95.4,1.06,2.1,Quant
JAG-UCB-ef2c0e8e-4,Cc1ccc(-n2ncc3c(=O)n(CC(N)=O)cnc32)cc1C,> 99.5,,,,,Weak
JAN-GHE-5a013bed-1,Cc1nnn(NC(=O)Cc2cccc(Cl)c2)c1C,14.2,11.8,17.0,1.08,1.1,Quant
JAN-GHE-5a013bed-11,O=C(Cc1cccc(Cl)c1)Nc1nnn[nH]1,45.3,39.6,51.8,1.26,2.1,Quant
JAN-GHE-5a013bed-2,O=C(Cc1cccc(Cl)c1)Nn1cnc2ccccc21,8.30,7.44,9.27,1.08,1.1,Quant
JAN-GHE-5a013bed-3,O=C(Cc1cccc(Cl)c1)Nn1cnc2ccccc2c1=O,8.65,7.62,9.81,1.09,1.1,Quant
JAN-GHE-83b26c96-12,Cc1ccncc1NC(=O)Cc1cccc(Br)c1,20.6,18.9,22.5,1.2,1.1,Quant
JAN-GHE-83b26c96-20,Cc1ccncc1NC(=O)C1(c2cccc(Cl)c2)CC1,> 99.5,,,1.09,2.1,Weak
JAN-GHE-83b26c96-22,Cc1ccncc1NC(=O)C(C)(C)c1cccc(Cl)c1,95.8,69.5,132,1.74,2.3,Quant
JAR-KUA-41bd5a3d-1,COCc1csc(CNC(=O)c2ncc(Cl)cc2Cl)c1,> 99.5,,,,,Weak
JAR-KUA-41bd5a3d-10,CCS(=O)(=O)c1cc(Cl)cc(CNS(=O)(=O)c2cccs2)c1,> 99.5,,,,,Weak
JAR-KUA-41bd5a3d-11,Cc1ccc(S(=O)(=O)NCCNC(=O)N2CCN(S(=O)(=O)N3CCCC3)CC2)cc1,> 99.5,,,-0.261,4.0,Weak
JAR-KUA-41bd5a3d-12,COCc1ccccc1CNS(=O)(=O)c1c(C)sc(C)c1C,> 99.5,,,0.492,3.0,Weak
JAR-KUA-41bd5a3d-14,CCS(=O)(=O)c1ccc(CNS(=O)(=O)c2cnc(-c3ccccc3)s2)s1,> 99.5,,,0.338,4.0,Weak
JAR-KUA-41bd5a3d-15,Cc1nc2scc(C)n2c1CN1CCN(Cc2ccsc2)CC1,> 99.5,,,,,Weak
JAR-KUA-41bd5a3d-16,NS(=O)(=O)NCCNS(=O)(=O)c1ccccc1[N+](=O)[O-],> 99.5,,,,,Weak
JAR-KUA-41bd5a3d-17,COc1cc(OC)cc(-c2nc(-c3c(C)nc4sccn34)no2)c1,> 99.5,,,1.3,3.0,Weak
JAR-KUA-41bd5a3d-19,CCN(CC)S(=O)(=O)c1ccc(S(=O)(=O)N2CCN(S(N)(=O)=O)CC2)cc1,> 99.5,,,0.304,3.0,Weak
JAR-KUA-41bd5a3d-2,NS(=O)(=O)c1cc(CN2CCN(C(c3ccccc3)c3ccccc3)CC2)co1,> 99.5,,,0.808,4.0,Weak
JAR-KUA-41bd5a3d-4,Cc1nc(N2CCN(S(=O)(=O)c3ccccc3)CC2)sc1S(N)(=O)=O,> 99.5,,,8.42,4.0,Weak
JAR-KUA-41bd5a3d-8,COCc1csc(-c2nnc(-c3sc(-c4ccccc4)nc3C)o2)c1,> 99.5,,,,,Weak
JAR-KUA-41bd5a3d-9,Cc1ccc(S(=O)(=O)NCC(=O)N2CCC(NS(N)(=O)=O)CC2)cc1,> 99.5,,,0.436,4.0,Weak
JIN-POS-6dc588a4-10,O=C(Cc1cccc(Cl)c1)Nc1cncc2nccnc12,76.0,63.6,90.9,0.945,2.1,Quant
JIN-POS-6dc588a4-11,O=C(Cc1cccc(Cl)c1)Nc1cncc2cc(F)ccc12,1.47,1.27,1.70,0.994,1.1,Quant
JIN-POS-6dc588a4-12,O=C(Cc1cccc(Cl)c1)Nc1cncc2[nH]ccc12,6.19,5.11,7.50,1.06,1.1,Quant
JIN-POS-6dc588a4-13,O=C(Cc1cccc(Cl)c1)Nc1cncc2c(F)cccc12,0.890,0.791,1.00,1.03,1.1,Quant
JIN-POS-6dc588a4-14,O=C(Cc1cccc(Cl)c1)Nc1cncc2cc[nH]c12,1.90,1.74,2.06,0.95,1.1,Quant
JIN-POS-6dc588a4-2,O=C(Cc1cccc(Cl)c1)Nc1noc2ncccc12,> 99.5,,,,,Weak
JIN-POS-6dc588a4-20,O=C(Cc1cccc(Cl)c1)Nc1cncc2c1NCCC2,38.0,34.1,42.3,1.21,2.1,Quant
JIN-POS-6dc588a4-21,O=C(Cc1cccc(Cl)c1)Nc1c(O)cnc2ccccc12,8.44,6.78,10.5,1.11,1.1,Quant
JIN-POS-6dc588a4-22,O=C(Cc1cccc(Cl)c1)Nc1cncc2sccc12,0.425,0.396,0.455,1.03,1.1,Quant
JIN-POS-6dc588a4-23,COc1ncc(NC(=O)Cc2cccc(Cl)c2)c2ccccc12,> 99.5,,,0.113,4.0,Weak
JIN-POS-6dc588a4-24,N#Cc1ncc(NC(=O)Cc2cccc(Cl)c2)c2ccccc12,65.9,58.3,74.6,2.19,2.1,Quant
JIN-POS-6dc588a4-3,COc1ccncc1NC(=O)Cc1cccc(Cl)c1,21.6,18.7,24.9,1.11,2.1,Quant
JIN-POS-6dc588a4-5,O=C(Cc1cccc(Cl)c1)Nc1c[nH]c2ccccc12,> 99.5,,,0.221,2.3,Weak
JIN-POS-6dc588a4-6,CC(C)(C)Oc1ccncc1NC(=O)Cc1cccc(Cl)c1,22.9,19.7,26.7,0.988,2.1,Quant
JIN-POS-6dc588a4-7,O=C(Cc1cccc(Cl)c1)Nc1ncnc2ccccc12,> 99.5,,,1.11,4.0,Weak
JIN-POS-6dc588a4-8,O=C(Cc1cccc(Cl)c1)Nc1noc2ccccc12,> 99.5,,,0.964,2.3,Weak
JIN-POS-6dc588a4-9,O=C(Cc1cccc(Cl)c1)Nc1cnn2ccccc12,11.3,10.3,12.5,0.951,1.1,Quant
JOH-MSK-a63bdd1d-4,CC(=O)NCCc1c[nH]c2ccc(O)cc12,> 99.5,,,,,Weak
JOH-UNI-0e1753c1-1,COC(OC)C(=O)N1CCN(Cc2cccc(Cl)c2)CC1,94.3,74.5,119,1.2,2.1,Quant
JOH-UNI-0e1753c1-2,O=CC(=O)N1CCN(Cc2cccc(Cl)c2)CC1,56.6,50.3,63.8,1.2,2.1,Quant
JOH-UNI-0e1753c1-4,CC(=O)C(=O)N1CCN(Cc2cccc(Cl)c2)[C@@H](CC(C)C)C1,> 99.5,,,1.23,2.3,Weak
JOH-UNI-23d9e1b1-1,CC(=O)C(=O)N1CCN(Cc2cccc(Cl)c2)CC1,> 99.5,,,,,Weak
JOH-UNI-61f30276-2,O=c1[nH]c(Cc2cccc(C(F)(F)F)c2)nc2cnccc12,> 99.5,,,,,Weak
JOH-UNI-61f30276-3,O=c1[nH]c(Cc2cccc(S(F)(F)(F)(F)F)c2)nc2cnccc12,> 99.5,,,,,Weak
JOH-UNI-abfda500-4,O=C(Cc1cccc(Cl)c1)Nc1cnccc1C(=O)O,> 99.5,,,1.89,2.1,Weak
JOH-UNI-abfda500-7,O=C(Cc1cccc(C(F)(F)F)c1)Nc1cnccc1C(=O)O,> 99.5,,,2.76,2.3,Weak
JOH-UNI-ea1df7a8-1,O=C(Cc1cncc2ccccc12)N1CCOc2ccc(Cl)cc21,6.05,5.61,6.52,0.988,1.1,Quant
JOR-UNI-2fc98d0b-12,O=C(Nc1cccnc1)N(CCC1CCCCC1)c1cccc(Cl)c1,3.06,2.83,3.31,0.955,2.1,Quant
KAD-UNI-b13decd3-4,NS(=O)(=O)c1ccc(CNC[C@]2(C(=O)Nc3cncc4ccccc34)CCOc3ccc(Cl)cc32)cc1F,27.3,23.4,31.9,0.886,2.1,Quant
KAD-UNI-cb0f2bbc-23,CNS(=O)(=O)c1cc(CNC[C@]2(C(=O)Nc3cncc4ccccc34)CCOc3ccc(Cl)cc32)ccc1F,36.0,32.6,39.7,1.68,2.1,Quant
LON-POS-586a7c45-1,C=CC(=O)N(c1ccc(C(C)(C)C)cc1)[C@@H](C(=O)NCCc1cccc(F)c1)c1cccnc1,86.4,49.9,149,0.669,2.3,Quant
LON-WEI-4d77710c-10,O=C(NCc1ccc2c(c1)OCO2)c1nc(S(=O)(=O)Cc2ccccc2)ncc1Cl,1.40,1.29,1.51,1.52,1.1,Quant
LON-WEI-4d77710c-11,COC(=O)c1c(C)n(S(C)(=O)=O)c2ccc(N(C(=O)c3ccco3)S(C)(=O)=O)cc12,0.935,0.767,1.14,1.03,1.1,Quant
LON-WEI-4d77710c-19,O=C(O)[C@@H](c1ccccc1)N1Cc2ccccc2C1=O,1.78,1.60,1.98,1.96,1.1,Quant
LON-WEI-4d77710c-2,O=S(=O)(Cc1ccccc1F)c1oc(-c2ccc(F)cc2)nc1S(=O)(=O)c1ccccc1,0.397,0.304,0.519,1.38,1.1,Quant
LON-WEI-4d77710c-24,CCOC(=O)c1cc(-c2ccccc2)sc1NC(=O)Cc1csc(-c2ccccc2)n1,4.66,4.16,5.21,1.38,1.1,Quant
LON-WEI-4d77710c-44,CC(C)Cn1cc(NC(=O)NCc2ccco2)c2ccccc2c1=O,29.6,24.0,36.6,1.78,2.1,Quant
LON-WEI-4d77710c-51,Cc1noc(C)c1CCNC(=O)Nc1cn(CC(C)C)c(=O)c2ccccc12.Cl.Cl.Cl,27.7,26.5,28.9,2.56,1.1,Quant
LON-WEI-4d77710c-61,O=[N+]([O-])c1cnc(Sc2nnc(-c3ccco3)n2-c2ccc(OCc3ccccc3)cc2)s1,7.30,5.41,9.83,1.24,1.1,Quant
LON-WEI-4d77710c-64,O=S(=O)(Nc1ccccc1SCc1cccc(Cl)c1F)c1cc(Cl)sc1Cl,2.23,1.44,3.44,0.805,1.3,Quant
LON-WEI-4d77710c-65,CC(C)(C)c1ccc(-c2nnc(Sc3cnc([N+](=O)[O-])s3)o2)cc1,2.38,0.993,5.70,0.63,2.3,Quant
LON-WEI-4d77710c-66,COC(=O)c1c(C)nn(C(=O)c2cccs2)c1-c1snnc1C,5.72,4.22,7.76,0.713,1.1,Quant
LON-WEI-4d77710c-67,O=[N+]([O-])c1cnc(Sc2nnc(-c3ccc(Cl)cc3)o2)s1,0.881,0.627,1.24,1.33,1.3,Quant
LON-WEI-4d77710c-69,O=C(Nc1cccc(C(F)(F)F)c1)Nc1ccccc1Sc1ncc([N+](=O)[O-])s1,6.26,4.70,8.34,0.773,1.1,Quant
LON-WEI-4d77710c-70,N#Cc1cnn(C(=O)c2cccs2)c1C1CC1,3.24,2.19,4.78,0.699,1.1,Quant
LON-WEI-4d77710c-73,Cc1cc(C)c(C#N)c(Sc2ncnc3c2nnn3Cc2ccccc2)n1,0.649,0.621,0.679,1.49,1.1,Quant
LON-WEI-4d77710c-76,c1ccc(-c2cc(Sc3nnc(-c4cccs4)o3)n3ncnc3n2)cc1,0.221,0.207,0.236,1.61,1.1,Quant
LON-WEI-4d77710c-8,CCOC(=O)c1c(C)n(S(C)(=O)=O)c2ccc(N(C(=O)c3ccco3)S(C)(=O)=O)cc12,0.282,0.258,0.307,1.0,1.1,Quant
LON-WEI-b2874fec-15,O=C(Nc1ccccc1)[C@@H](c1ccccc1)N1Cc2ccccc2C1=O,> 99.5,,,0.484,4.0,Weak
LON-WEI-b2874fec-16,O=C(Nc1ccc(Cl)cc1)[C@@H](c1ccccc1)N1Cc2ccccc2C1=O,> 99.5,,,,,Weak
LON-WEI-b2874fec-17,Cc1cccc(NC(=O)[C@@H](c2ccccc2)N2Cc3ccccc3C2=O)n1,> 99.5,,,,,Weak
LON-WEI-b2874fec-18,O=C(Nc1ccncc1)[C@@H](c1ccccc1)N1Cc2ccccc2C1=O,> 99.5,,,0.801,4.0,Weak
LON-WEI-b2874fec-19,O=C(Nc1ccc(F)cc1)[C@@H](c1ccccc1)N1Cc2ccccc2C1=O,> 99.5,,,,,Weak
LON-WEI-b2874fec-20,COCCNC(=O)[C@@H](c1ccccc1)N1Cc2ccccc2C1=O,> 99.5,,,,,Weak
LON-WEI-b2874fec-22,O=C(NCCc1ccccc1)[C@@H](c1ccccc1)N1Cc2ccccc2C1=O,> 99.5,,,,,Weak
LON-WEI-b2874fec-23,N#Cc1ccccc1NC(=O)[C@@H](c1ccccc1)N1Cc2ccccc2C1=O,> 99.5,,,1.35,4.0,Weak
LON-WEI-b2874fec-24,O=C(Nc1cccc(F)c1)[C@@H](c1ccccc1)N1Cc2ccccc2C1=O,> 99.5,,,0.764,4.0,Weak
LON-WEI-b2874fec-25,O=C(Nc1cccnc1)[C@@H](c1ccccc1)N1Cc2ccccc2C1=O,> 99.5,,,1.23,2.1,Weak
LON-WEI-f8a636e2-1,O=C(NCc1cccs1)[C@@H](c1ccccc1)N1Cc2ccccc2C1=O,> 99.5,,,0.89,4.0,Weak
LON-WEI-ff7b210a-4,CS(=O)(=O)c1ncc(Cl)c(C(=O)Nc2ccccc2Cc2ccccc2)n1,0.540,0.507,0.575,1.65,1.1,Quant
LON-WEI-ff7b210a-5,CCOC(=O)c1nc(S(C)(=O)=O)ncc1Cl,1.60,1.09,2.35,3.32,1.3,Quant
LOR-NEU-c8f11034-5,O=C1C(=O)N(Cc2ccc(Br)cc2)c2ccccc21,> 198,,,1.2,2.3,Weak
LOR-NOR-c954e7ad-1,Cc1nc(CN2C(=O)C(=O)c3cc(Br)ccc32)cs1,> 99.5,,,1.34,4.0,Weak
LOR-NOR-c954e7ad-2,CCCCN1C(=O)C(=O)c2cc(Br)cc(C)c21,> 99.5,,,,,Weak
LOR-NOR-c954e7ad-3,CC(C)CCN1C(=O)C(=O)c2cc(Br)ccc21,> 99.5,,,1.33,4.0,Weak
LOR-NOR-c954e7ad-4,CCc1ccc2c(c1)C(=O)C(=O)N2CC(=O)O,> 99.5,,,,,Weak
LOR-NOR-c954e7ad-5,O=C(O)CN1C(=O)C(=O)c2cc([N+](=O)[O-])ccc21,> 99.5,,,,,Weak
LOR-NOR-c954e7ad-6,O=C1C(=O)N(Cc2ccccc2)c2ccc([N+](=O)[O-])cc21,> 99.5,,,,,Weak
LUO-POS-74179f4f-1,[H][C@@]1(C(=O)Nc2cncc3cc(Cl)ccc23)CN(CC(=O)NC)C(=O)c2ccc(Cl)cc21,0.149,0.130,0.172,1.01,2.1,Quant
LUO-POS-868e8996-1,CNC(=O)CN1C[C@@](C)(C(=O)Nc2cncc3ccccc23)c2cc(Cl)ccc2S1(=O)=O,0.0758,0.0719,0.0799,1.14,2.1,Quant
LUO-POS-868e8996-10,N#CC1(CS(=O)(=O)N2Cc3ccc(Cl)cc3[C@]3(CC(=O)N(c4cncc5ccccc45)C3=O)C2)CC1,30.2,22.0,41.4,0.693,2.1,Quant
LUO-POS-868e8996-2,CNC(=O)CN1C[C@](C)(C(=O)Nc2cncc3ccccc23)c2cc(Cl)ccc2S1(=O)=O,16.1,12.2,21.2,1.24,1.1,Quant
LUO-POS-868e8996-7,CNC(=O)CN1C[C@]2(CC(=O)N(c3cncc4ccccc34)C2=O)c2cc(Cl)ccc2C1=O,0.123,0.109,0.138,1.1,2.1,Quant
LUO-POS-868e8996-8,CNC(=O)CN1C[C@@]2(CC(=O)N(c3cncc4ccccc34)C2=O)c2cc(Cl)ccc2C1=O,84.6,64.7,110,1.26,2.3,Quant
LUO-POS-868e8996-9,N#CC1(CS(=O)(=O)N2Cc3ccc(Cl)cc3[C@@]3(CC(=O)N(c4cncc5ccccc45)C3=O)C2)CC1,0.0624,0.0562,0.0692,0.932,1.1,Quant
LUO-POS-8c3e556a-1,CNC(=O)CN1C[C@]2(CCN(c3cncc4ccc(Cl)cc34)C2=O)c2cc(Cl)ccc2C1=O,< 0.0500,,,1.37,2.1,Strong
LUO-POS-8c3e556a-2,CNC(=O)CN1C[C@@]2(CCN(c3cncc4ccc(Cl)cc34)C2=O)c2cc(Cl)ccc2C1=O,3.10,2.86,3.35,1.13,1.1,Quant
LUO-POS-b4dec3be-1,CNC(=O)CN1Cc2ccc(Cl)cc2[C@]2(CCN(c3cncc4ccc(F)cc34)C2=O)C1,16.3,15.5,17.1,1.21,1.1,Quant
LUO-POS-b4dec3be-2,CNC(=O)CN1Cc2ccc(Cl)cc2[C@@]2(CCN(c3cncc4ccc(F)cc34)C2=O)C1,0.0858,0.0822,0.0896,1.17,2.1,Quant
LUO-POS-edefcc0e-1,[H][C@]1(C(=O)Nc2cncc3cc(Cl)ccc23)CN(CC(=O)NC)C(=O)c2ccc(Cl)cc21,0.939,0.830,1.06,1.09,1.1,Quant
MAK-UNK-7c9d1431-17,COc1ccc(S(=O)(=O)N2CCN(C(=O)CCl)CC2)cc1,27.5,25.2,30.0,1.55,2.1,Quant
MAK-UNK-7c9d1431-9,"ClCC(=O)N1CCN(CC1)S(=O)(=O)C1=CC=CC=C1 |c:16,18,t:14|",1.56,1.46,1.66,1.49,1.1,Quant
MAR-TRE-6a44bbf2-24,Cc1noc(C)c1S(=O)(=O)N1CCN(C(=O)CCl)CC1,4.06,3.76,4.39,1.41,1.1,Quant
MAR-UCB-f313ec4d-2,COc1ccccc1OCCNC(=O)c1cncc2ccccc12,3.24,3.10,3.39,1.07,1.1,Quant
MAR-UCB-f313ec4d-3,COc1ccccc1OCCC(=O)Nc1cncc2ccccc12,93.6,88.5,99.0,2.64,2.1,Quant
MAR-UCB-f313ec4d-4,COc1ccccc1NCCNC(=O)c1cc(=O)[nH]c2ccccc12,> 99.5,,,0.519,2.3,Weak
MAR-UCB-f313ec4d-6,O=C(c1cncc2ccccc12)N1CCN(c2ccccc2)CC1,5.45,5.19,5.72,1.08,1.1,Quant
MAT-POS-044491d2-6,Cc1ccncc1NC(=O)Cc1cc(Cl)cc(NC2(C)CCC(F)(F)CC2)c1,14.7,12.7,17.0,1.21,1.1,Quant
MAT-POS-044491d2-7,Cc1ccncc1NC(=O)Cc1cc(Cl)cc(NCC(C)(C)C#N)c1,36.5,31.4,42.5,1.27,2.1,Quant
MAT-POS-06036648-5,CNc1ccc(N(C(=O)Cn2nnc3ccccc32)c2cccc(Cl)c2)cc1,5.34,2.87,9.93,1.05,1.3,Quant
MAT-POS-0c8fa4a7-1,O=C(Nc1cncc2ccccc12)C1=CCCc2ccc(Cl)cc21,0.233,0.198,0.275,0.92,2.1,Quant
MAT-POS-0c8fa4a7-2,COc1ccc2c(c1)c(N)nn2C(=O)Cc1cccc(Cl)c1,> 99.5,,,0.228,4.0,Weak
MAT-POS-0c8fa4a7-3,Nc1nn(C(=O)Cc2cccc(Cl)c2)c2ccccc12,> 99.5,,,0.866,2.3,Weak
MAT-POS-0c8fa4a7-4,Nc1nn(C(=O)Cc2cccc(Cl)c2)c2cccc(F)c12,> 99.5,,,0.322,2.3,Weak
MAT-POS-14ad9fe9-1,O=C(Cc1cccc(Cl)c1)Nc1cncc2c1CCCN2,7.27,4.55,11.6,0.937,1.3,Quant
MAT-POS-173a45da-1,O=C(Cc1cncc2ccccc12)N(CCC1CCCCC1)c1cccc(Cl)c1,2.11,1.99,2.24,1.05,1.1,Quant
MAT-POS-173a45da-2,Cc1ccncc1NC(=O)Cc1cc(Cl)cc(OCc2n[nH]c3ccccc23)c1,> 99.5,,,0.814,2.3,Weak
MAT-POS-199e2e7c-1,O=C(Cc1cccc(Cl)c1)Nc1cncc2c1CCC2,5.16,4.86,5.48,1.07,1.1,Quant
MAT-POS-1e0c1c67-1,Cn1nc(-c2ccc(C(F)(F)F)cc2)nc2c(=O)n(C)c(=O)nc1-2,2.40,1.96,2.93,2.13,1.1,Quant
MAT-POS-23a8a11a-1,O=C(Cc1ccc(Cl)c(Cl)c1)Nc1cncc2ccccc12,0.384,0.294,0.502,0.788,1.1,Quant
MAT-POS-24589f88-1,COc1ccc2cncc(NC(=O)[C@@]3(OC)CCOc4ccc(Cl)cc43)c2c1,4.18,3.03,5.78,0.951,1.1,Quant
MAT-POS-24589f88-2,[H][C@]1(C(=O)Nc2cncc3ccccc23)CN(S(C)(=O)=O)Cc2ccc(Cl)cc21,12.3,11.4,13.3,1.09,1.1,Quant
MAT-POS-24589f88-3,[H][C@@]1(C(=O)Nc2cncc3ccccc23)CN(S(C)(=O)=O)Cc2ccc(Cl)cc21,0.141,0.136,0.147,1.06,2.1,Quant
MAT-POS-281d2ee9-3,O=C(Cc1cc(Cl)cc(-c2nnn[nH]2)c1)Nc1cncc2ccccc12,21.4,17.6,26.0,0.951,2.1,Quant
MAT-POS-29385cc1-2,COc1cc2cncc(NC(=O)Cc3cccc(Cl)c3)c2cc1F,> 99.5,,,0.421,2.3,Weak
MAT-POS-29385cc1-3,"CC1=CC2=CN=CC(NC(=O)CC3=CC=CC(Cl)=C3)=C2C=C1 |c:5,14,17,19,22,t:1,3,12|",1.24,1.08,1.42,1.07,1.1,Quant
MAT-POS-29385cc1-4,Cc1cc(F)cc2cncc(NC(=O)Cc3cccc(Cl)c3)c12,0.851,0.765,0.946,1.1,1.1,Quant
MAT-POS-2bb0cf2b-1,Cl.Cl.NC[C@]1(C(=O)Nc2cncc3ccccc23)CCOc2ccc(Cl)cc21,82.2,70.7,95.6,1.38,2.1,Quant
MAT-POS-3b536971-1,COc1ccc(Cl)cc1OCCNC(=O)c1cc(=O)[nH]c2cccc(OC)c12,0.874,0.576,1.33,1.2,1.3,Quant
MAT-POS-3b536971-2,COc1cccc2[nH]c(=O)cc(C(=O)N3CCN(c4cccc(Cl)c4)CC3)c12,4.68,4.34,5.05,1.07,1.1,Quant
MAT-POS-3b92565d-1,"COC1=CC=C(Cl)C=C1CC(=O)NC1=CN=CC2=CC=CC=C12 |c:7,16,20,t:2,4,14,18,22|",1.20,1.12,1.29,0.996,1.1,Quant
MAT-POS-3b97339c-2,N[C@@]1(C(=O)Nc2cncc3ccccc23)CCOc2ccc(Cl)cc21,0.473,0.436,0.513,1.28,1.1,Quant
MAT-POS-3ccb8ef6-1,Cl.Cl.[H][C@@]1(C(=O)Nc2cncc3ccccc23)CNCc2ccc(Cl)cc21,0.288,0.273,0.304,1.02,1.1,Quant
MAT-POS-3ccb8ef6-2,Cl.Cl.[H][C@]1(C(=O)Nc2cncc3ccccc23)CNCc2ccc(Cl)cc21,33.0,29.5,36.8,1.1,2.1,Quant
MAT-POS-4211dce8-1,Cn1cc(NC(=O)Cc2cccc(Cl)c2)c2ccccc2c1=O,> 99.5,,,,,Weak
MAT-POS-53907a1c-1,COc1ccc2c(N)nn(C(=O)Cc3cccc(Cl)c3)c2c1,> 99.5,,,0.823,2.3,Weak
MAT-POS-53907a1c-2,Cc1ccncc1NC(=O)N(CCC1CCCCC1)c1cc(Cl)cc(OC(C)C)c1,24.6,16.5,36.5,0.596,2.3,Quant
MAT-POS-54c4bf04-3,O=C(c1cncc2ccccc12)N1CCN(c2cccc(Cl)c2)CC1,1.60,1.51,1.71,1.07,1.1,Quant
MAT-POS-590ac91e-16,Cc1ccncc1NC(=O)[C@H](C)OC(F)F |o1:10|,> 99.5,,,,,Weak
MAT-POS-590ac91e-32,COc1ccccc1OCCNC(=O)c1cc(=O)[nH]c2cc(F)ccc12,> 99.5,,,0.618,2.3,Weak
MAT-POS-590ac91e-46,CC1(C)Cc2cccc(OCCNC(=O)c3cc(=O)[nH]c4cc(F)ccc34)c2O1,> 99.5,,,0.713,2.3,Weak
MAT-POS-590ac91e-63,Cc1ccc(S(=O)(=O)N2CCN(C(=O)c3cc(=O)[nH]c4cc(F)ccc34)CC2)c(C)c1,> 99.5,,,0.876,2.3,Weak
MAT-POS-6344a35d-1,COc1cccc(Oc2cc(Cl)cc(NC(=O)Cc3cncc4ccccc34)c2)n1,3.78,2.96,4.83,1.14,1.1,Quant
MAT-POS-6c284e65-1,CN(C)c1ccc(N(Cc2cccc(Cl)c2)C(=O)Cc2cncc3ccccc23)nc1,0.287,0.258,0.319,1.16,1.1,Quant
MAT-POS-7174c657-1,CNS(=O)(=O)c1cc(CNC[C@@]2(C(=O)Nc3cncc4ccccc34)CCOc3ccc(Cl)cc32)ccc1F,1.22,1.11,1.34,1.12,1.1,Quant
MAT-POS-7174c657-4,NS(=O)(=O)c1ccc(CNC[C@@]2(C(=O)Nc3cncc4ccccc34)CCOc3ccc(Cl)cc32)cc1F,1.80,1.63,1.98,1.11,1.1,Quant
MAT-POS-7174c657-5,"O=C(N[C@H](C(=O)Nc1cncc2ccccc12)c1cccc(Cl)c1)[C@@H]1CC[C@H](C(=O)N2CCCC2)O1 |o1:3,o2:24,27|",1.58,1.43,1.76,1.24,1.1,Quant
MAT-POS-7174c657-6,"O=C(N[C@@H](C(=O)Nc1cncc2ccccc12)c1cccc(Cl)c1)[C@@H]1CC[C@H](C(=O)N2CCCC2)O1 |o1:3,o2:24,27|",0.419,0.393,0.447,1.06,1.1,Quant
MAT-POS-777f5926-1,"C[C@@H]1NC(=O)c2ccc(Cl)cc2[C@@H]1C(=O)Nc1cncc2ccccc12 |&1:1,12|",0.454,0.399,0.516,1.1,1.1,Quant
MAT-POS-777f5926-2,O=C(Nc1cncc2ccccc12)[C@@H]1CN([C@@H]2CCNC2=O)Cc2ccc(Cl)cc21,4.09,3.36,4.98,1.07,1.1,Quant
MAT-POS-777f5926-3,[H][C@]1(C(=O)Nc2cncc3ccccc23)CN(S(=O)(=O)CC2(C#N)CNC2)Cc2ccc(Cl)cc21,1.62,1.31,2.00,1.14,1.1,Quant
MAT-POS-777f5926-4,[H][C@@]1(C(=O)Nc2cncc3ccccc23)CN(S(=O)(=O)CC2(C#N)CNC2)Cc2ccc(Cl)cc21,0.0849,0.0718,0.100,1.0,1.1,Quant
MAT-POS-7ed7af85-1,CC(C)(C)[C@H](NC(=O)C(F)(F)F)C(=O)N1C[C@H]2[C@@H]([C@H]1C(=O)N[C@H](C#N)C[C@@H]1CCNC1=O)C2(C)C,2.67E-03,2.48E-03,2.87E-03,1.22,1.1,Quant
MAT-POS-806462de-1,C[C@]1(C(=O)Nc2cncc3ccccc23)CNS(=O)(=O)c2ccc(Cl)cc21,2.53,2.38,2.69,0.97,1.1,Quant
MAT-POS-806462de-2,C[C@@]1(C(=O)Nc2cncc3ccccc23)CNS(=O)(=O)c2ccc(Cl)cc21,0.0968,0.0902,0.104,0.938,2.1,Quant
MAT-POS-8293a91a-4,[H][C@]1(C(=O)Nc2cncc3ccccc23)CN(CC(=O)NC)Cc2ccc(Cl)cc21,10.6,9.12,12.3,0.997,1.1,Quant
MAT-POS-8293a91a-5,[H][C@@]1(C(=O)Nc2cncc3ccccc23)CN(CC(=O)NC)Cc2ccc(Cl)cc21,0.0913,0.0872,0.0956,1.05,1.1,Quant
MAT-POS-865c3497-1,O=C(O)C(F)(F)F.[H][C@@]1(C(=O)Nc2cncc3ccccc23)CNC(=O)c2ccc(Cl)cc21,0.185,0.166,0.207,1.13,2.1,Quant
MAT-POS-865c3497-2,O=C(O)C(F)(F)F.[H][C@]1(C(=O)Nc2cncc3ccccc23)CNC(=O)c2ccc(Cl)cc21,99.3,73.6,134,1.5,2.3,Quant
MAT-POS-8695a11f-1,O=C1N(c2cncc3ccccc23)CC[C@@]1(O)c1cccc(Cl)c1,90.7,73.2,112,1.35,2.1,Quant
MAT-POS-8695a11f-3,O=C1N(c2cncc3ccccc23)CC[C@]1(O)c1cccc(Cl)c1,0.738,0.619,0.878,1.29,1.1,Quant
MAT-POS-86c60949-1,[H][C@]1(C(=O)Nc2cncc3cc(F)ccc23)CCS(=O)(=O)c2ccc(Cl)cc21,24.5,19.1,31.5,0.948,2.1,Quant
MAT-POS-8a69d52e-2,"C[C@@H]1C[C@H](C(=O)Nc2cncc3ccccc23)c2cc(Cl)ccc2O1 |o1:1,3|",0.679,0.560,0.824,0.967,1.1,Quant
MAT-POS-8a69d52e-3,"C[C@H]1C[C@H](C(=O)Nc2cncc3ccccc23)c2cc(Cl)ccc2O1 |o1:1,3|",52.1,24.1,113,0.658,2.3,Quant
MAT-POS-8a69d52e-5,C[C@H]1COc2ccc(Cl)cc2[C@H]1C(=O)Nc1cncc2ccccc12 |o1:1|,> 99.5,,,0.269,3.0,Weak
MAT-POS-8a69d52e-6,C[C@@H]1COc2ccc(Cl)cc2[C@H]1C(=O)Nc1cncc2ccccc12 |o1:1|,> 99.5,,,0.399,2.3,Weak
MAT-POS-8a69d52e-7,C[C@@H]1COc2ccc(Cl)cc2[C@@H]1C(=O)Nc1cncc2ccccc12,1.71,1.00,2.92,0.829,1.3,Quant
MAT-POS-8e4737f4-1,C[C@]1(C(=O)Nc2cncc3ccccc23)CCOc2ccc(Cl)cc21,19.5,17.6,21.5,1.09,2.1,Quant
MAT-POS-8e4737f4-2,O=C(Nc1cncc2ccccc12)[C@H]1COc2ccc(Cl)cc2C1 |o1:13|,> 99.5,,,0.204,2.3,Weak
MAT-POS-8fd29122-1,COc1ccccc1OCCNC(=O)c1cc(O)ccn1,> 99.5,,,0.559,3.0,Weak
MAT-POS-8fd29122-2,O=C(c1cc(O)ccn1)N1CCN(c2cccc(Cl)c2)CC1,> 99.5,,,1.08,2.1,Weak
MAT-POS-90fd5f68-1,NC(=O)c1ccc2c(NC(=O)Cc3cccc(Cl)c3)cncc2c1,1.59,1.43,1.76,1.07,1.1,Quant
MAT-POS-90fd5f68-10,CN(c1ccc2c(NC(=O)Cc3cccc(Cl)c3)cncc2c1)S(C)(=O)=O,2.70,1.96,3.71,1.18,1.1,Quant
MAT-POS-90fd5f68-12,CS(=O)(=O)Nc1ccc2c(NC(=O)Cc3cccc(Cl)c3)cncc2c1,0.882,0.739,1.05,0.988,1.1,Quant
MAT-POS-90fd5f68-13,CN(C)CCOc1ccc2c(NC(=O)Cc3cccc(Cl)c3)cncc2c1,2.83,2.45,3.27,1.14,1.1,Quant
MAT-POS-90fd5f68-14,O=C(Cc1cccc(Cl)c1)Nc1cncc2cc(OCCN3CCCC3)ccc12,2.15,2.04,2.27,1.16,1.1,Quant
MAT-POS-90fd5f68-19,NC(=O)c1ccc2cncc(NC(=O)Cc3cccc(Cl)c3)c2c1,1.10,1.05,1.16,1.05,1.1,Quant
MAT-POS-90fd5f68-2,CNC(=O)c1ccc2c(NC(=O)Cc3cccc(Cl)c3)cncc2c1,1.69,1.59,1.80,1.32,1.1,Quant
MAT-POS-90fd5f68-20,CNC(=O)c1ccc2cncc(NC(=O)Cc3cccc(Cl)c3)c2c1,0.899,0.850,0.952,1.25,1.1,Quant
MAT-POS-90fd5f68-21,CN(C)C(=O)c1ccc2cncc(NC(=O)Cc3cccc(Cl)c3)c2c1,3.35,3.12,3.58,1.12,1.1,Quant
MAT-POS-90fd5f68-22,CC(=O)Nc1ccc2cncc(NC(=O)Cc3cccc(Cl)c3)c2c1,0.398,0.381,0.416,1.09,1.1,Quant
MAT-POS-90fd5f68-23,O=C(Cc1cccc(Cl)c1)Nc1cncc2ccc(OCC(F)(F)F)cc12,1.09,0.994,1.20,1.1,1.1,Quant
MAT-POS-90fd5f68-28,CN(c1ccc2cncc(NC(=O)Cc3cccc(Cl)c3)c2c1)S(C)(=O)=O,3.01,2.83,3.21,1.2,1.1,Quant
MAT-POS-90fd5f68-3,CN(C)C(=O)c1ccc2c(NC(=O)Cc3cccc(Cl)c3)cncc2c1,2.44,2.28,2.61,1.03,1.1,Quant
MAT-POS-90fd5f68-31,CN(C)CCOc1ccc2cncc(NC(=O)Cc3cccc(Cl)c3)c2c1,0.892,0.737,1.08,1.19,1.1,Quant
MAT-POS-90fd5f68-32,O=C(Cc1cccc(Cl)c1)Nc1cncc2ccc(OCCN3CCCC3)cc12,1.13,0.909,1.40,1.02,1.1,Quant
MAT-POS-90fd5f68-37,O=C(Cc1cccc(Cl)c1)Nc1cncc2ccc(C(=O)O)cc12,1.63,1.54,1.73,1.23,1.1,Quant
MAT-POS-90fd5f68-38,O=C(Cc1cccc(Cl)c1)Nc1cncc2cc(C(=O)O)ccc12,3.81,3.34,4.35,1.32,1.1,Quant
MAT-POS-90fd5f68-39,COCc1ccc2cncc(NC(=O)Cc3cccc(Cl)c3)c2c1,2.21,1.81,2.69,1.13,1.1,Quant
MAT-POS-90fd5f68-4,CC(=O)Nc1ccc2c(NC(=O)Cc3cccc(Cl)c3)cncc2c1,0.392,0.364,0.423,1.0,1.1,Quant
MAT-POS-90fd5f68-5,O=C(Cc1cccc(Cl)c1)Nc1cncc2cc(OCC(F)(F)F)ccc12,> 99.5,,,0.294,2.3,Weak
MAT-POS-90fd5f68-7,CN(C)c1ccc2c(NC(=O)Cc3cccc(Cl)c3)cncc2c1,6.78,5.89,7.80,1.13,1.1,Quant
MAT-POS-916a2c5a-2,COc1ccccc1OCCNC(=O)c1cc(=O)[nH]c2ccccc12,7.02,6.57,7.51,1.03,1.1,Quant
MAT-POS-916a2c5a-3,"CC1=CC(C)=C(C)C(=C1C)S(=O)(=O)N1CCN(CC1)C(=O)C1=CC(=O)NC2=CC=CC=C12 |c:7,30,t:1,4,23,28,32|",8.19,7.69,8.73,1.05,1.1,Quant
MAT-POS-916a2c5a-4,"O=C(N1CCN(CC1)C1=CC=CC=C1)C1=CC(=O)NC2=CC=CC=C12 |c:11,13,23,t:9,16,21,25|",27.5,23.4,32.4,1.0,2.1,Quant
MAT-POS-932d1078-2,CO[C@]1(C(=O)Nc2cncc3ccccc23)CCOc2c(F)cc(F)cc21,26.4,23.6,29.5,1.11,2.1,Quant
MAT-POS-932d1078-3,CO[C@@]1(C(=O)Nc2cncc3ccccc23)CCOc2c(F)cc(F)cc21,0.143,0.137,0.149,1.03,1.1,Quant
MAT-POS-932d1078-4,COC[C@@]1(C(=O)Nc2cncc3ccccc23)CCOc2cc(Cl)c(Cl)cc21,2.38,2.22,2.55,1.02,1.1,Quant
MAT-POS-932d1078-5,COC[C@]1(C(=O)Nc2cncc3ccccc23)CCOc2cc(Cl)c(Cl)cc21,13.0,11.9,14.3,1.02,1.1,Quant
MAT-POS-932d1078-6,CCC(CC)COC(=O)[C@H](C)NP(=O)(OC[C@H]1O[C@@](C#N)(c2ccc3c(N)ncnn23)[C@H](O)[C@@H]1O)Oc1ccccc1,> 99.5,,,0.81,2.3,Weak
MAT-POS-932d1078-7,CC(C)C(=O)OC[C@H]1O[C@@H](n2cc/c(=N/O)[nH]c2=O)[C@H](O)[C@@H]1O,> 99.5,,,0.146,2.3,Weak
MAT-POS-993cdc78-1,CO[C@@]1(C(=O)Nc2cncc3ccccc23)CCOc2cc(F)c(Cl)cc21,0.124,0.121,0.128,1.01,2.1,Quant
MAT-POS-993cdc78-2,CO[C@]1(C(=O)Nc2cncc3ccccc23)CCOc2cc(F)c(Cl)cc21,69.3,56.2,85.3,1.15,2.1,Quant
MAT-POS-9db1e783-1,O=C(Nc1cncc2ccccc12)[C@@]1(O)CCOc2ccc(Cl)cc21,> 99.5,,,0.896,2.1,Weak
MAT-POS-9db1e783-3,[H][C@]1(C(=O)N(C(=O)/C=C/C(=O)OC)c2cncc3ccccc23)CCOc2ccc(Cl)cc21,4.36,3.81,4.98,1.08,1.1,Quant
MAT-POS-9ff17035-2,O=C(Cc1cc(Cl)cc(Oc2cccc(=O)[nH]2)c1)Nc1cncc2ccccc12,1.98,1.87,2.09,0.996,1.1,Quant
MAT-POS-9ff17035-3,O=C(Cc1cc(Cl)cc(Oc2cccnc2)c1)Nc1cncc2ccccc12,1.14,1.08,1.20,1.04,1.1,Quant
MAT-POS-a13804f0-2,[H][C@]1(C(=O)Nc2cncc3ccccc23)CCOc2cc(F)c(Cl)cc21,> 99.5,,,0.424,2.3,Weak
MAT-POS-a13804f0-3,[H][C@@]1(C(=O)Nc2cncc3ccccc23)CCOc2cc(F)c(Cl)cc21,0.143,0.137,0.149,1.04,1.1,Quant
MAT-POS-a3f7f96a-3,COC(=O)c1cc(C=c2sc(=C(C#N)C(=O)NC(C)C)n(-c3ccc(OC)c(F)c3)c2=O)oc1C,> 99.5,,,,,Weak
MAT-POS-a3f7f96a-5,COC(=O)c1cc(C=c2sc(=C(C#N)C#N)n(-c3cccc(C(F)(F)F)c3)c2=O)oc1C,> 99.5,,,,,Weak
MAT-POS-a54ce14d-2,[H][C@@]1(C(=O)Nc2cncc3ccccc23)CN(CC(=O)NC)C(=O)c2ccc(Cl)cc21,0.0197,0.0190,0.0205,1.03,2.1,Quant
MAT-POS-a54ce14d-3,[H][C@]1(C(=O)Nc2cncc3ccccc23)CN(CC(=O)NC)C(=O)c2ccc(Cl)cc21,1.52,1.40,1.65,1.15,1.1,Quant
MAT-POS-afd4d4fd-2,O=C(Cc1cccc(Cl)n1)Nc1cncc2ccccc12,40.7,37.3,44.3,1.08,2.1,Quant
MAT-POS-b3e365b9-1,[H][C@@]1(C(=O)Nc2cncc3ccccc23)CCOc2ccc(Cl)cc21,0.255,0.240,0.270,1.13,1.1,Quant
MAT-POS-b3e365b9-2,[H][C@]1(C(=O)Nc2cncc3ccccc23)CCOc2ccc(Cl)cc21,> 49.8,,,0.919,2.3,Weak
MAT-POS-b3e365b9-3,[H][C@@]1(C(=O)Nc2cnccc2C)CCOc2ccc(Cl)cc21,4.95,4.70,5.21,1.11,1.1,Quant
MAT-POS-b3e365b9-4,[H][C@]1(C(=O)Nc2cnccc2C)CCOc2ccc(Cl)cc21,> 99.5,,,1.54,3.0,Weak
MAT-POS-bb423b95-1,O=C(Cc1cccc(Cl)c1)Nc1cncc2cnccc12,7.94,6.70,9.42,0.965,1.1,Quant
MAT-POS-bb423b95-2,O=C(Cc1cccc(Cl)c1)Nc1cncc2cccnc12,7.02,6.58,7.48,0.983,1.1,Quant
MAT-POS-bb423b95-5,CC(C)c1ccncc1NC(=O)Cc1cccc(Cl)c1,19.5,18.0,21.2,1.15,2.1,Quant
MAT-POS-bb423b95-6,"ClC1=CC=CC(CC(=O)NC2=CNC(=O)C3=CC=CC=C23)=C1 |c:3,17,22,t:1,10,15,19|",> 99.5,,,,,Weak
MAT-POS-bb423b95-7,CN(C(=O)Cc1cccc(Cl)c1)c1cncc2ccccc12,34.4,32.5,36.3,1.17,2.1,Quant
MAT-POS-bb423b95-9,O=C(Cc1cccc(Cl)c1)Nc1cncc2c(Cl)cccc12,> 99.5,,,0.0339,2.3,Weak
MAT-POS-bbbbc21a-3,O=C(Cc1cc(Cl)cc2c1OCC2)Nc1cncc2ccccc12,1.13,0.962,1.32,0.854,1.1,Quant
MAT-POS-bf364d7a-10,[H][C@]1(C(=O)Nc2cncc3ccccc23)CN(S(=O)(=O)CC2(C#N)CCOCC2)Cc2ccc(Cl)cc21,15.2,13.4,17.4,1.21,1.1,Quant
MAT-POS-bf364d7a-6,[H][C@]1(C(=O)Nc2cncc3ccccc23)CN(S(=O)(=O)CC(C)(C)C#N)Cc2ccc(Cl)cc21,13.2,11.7,14.9,1.14,1.1,Quant
MAT-POS-bf364d7a-7,[H][C@]1(C(=O)Nc2cncc3ccccc23)CN(S(=O)(=O)CC2(OC)CC2)Cc2ccc(Cl)cc21,18.5,16.7,20.4,1.14,1.1,Quant
MAT-POS-bf364d7a-8,[H][C@@]1(C(=O)Nc2cncc3ccccc23)CN(S(=O)(=O)CC2(OC)CC2)Cc2ccc(Cl)cc21,0.0802,0.0635,0.101,0.981,1.1,Quant
MAT-POS-bf364d7a-9,[H][C@@]1(C(=O)Nc2cncc3ccccc23)CN(S(=O)(=O)CC2(C#N)CCOCC2)Cc2ccc(Cl)cc21,0.0875,0.0664,0.115,1.03,1.1,Quant
MAT-POS-bfb445d4-2,O=C(Cc1cccc(Cl)c1)Nn1nnc2ccccc21,5.80,4.66,7.23,1.36,1.1,Quant
MAT-POS-c0609ef7-1,O=C(Cc1cccc(Cl)c1)Nc1cncc2cc(C(F)F)ccc12,2.25,1.64,3.07,0.977,1.1,Quant
MAT-POS-c20a539d-1,COc1ccc2c(NC(=O)Cc3cccc(Cl)c3)cncc2c1,8.63,6.15,12.1,0.684,2.1,Quant
MAT-POS-c20a539d-2,COc1cc2cncc(NC(=O)Cc3cccc(Cl)c3)c2cc1OC,> 99.5,,,0.777,2.3,Weak
MAT-POS-c20a539d-4,CC(C)(O)c1ccc2c(NC(=O)Cc3cccc(Cl)c3)cncc2c1,2.91,2.59,3.26,1.11,1.1,Quant
MAT-POS-c20a539d-7,CCS(=O)(=O)Nc1ccc2cncc(NC(=O)Cc3cccc(Cl)c3)c2c1,1.02,0.939,1.10,1.06,1.1,Quant
MAT-POS-c74bc7b3-1,C[C@@]1(C(=O)Nc2cncc3ccccc23)CCNc2cc(Cl)c(Cl)cc21,0.234,0.213,0.258,1.14,1.1,Quant
MAT-POS-c74bc7b3-2,C[C@]1(C(=O)Nc2cncc3ccccc23)CCNc2cc(Cl)c(Cl)cc21,97.7,79.6,120,0.953,2.1,Quant
MAT-POS-c7726e07-3,[H][C@]1(C(=O)Nc2cncc3ccc(F)cc23)CN(CC(=O)NC)C(=O)c2ccc(Cl)cc21,0.0964,0.0890,0.105,1.1,2.1,Quant
MAT-POS-c7726e07-4,[H][C@@]1(C(=O)Nc2cncc3ccc(F)cc23)CN(CC(=O)NC)C(=O)c2ccc(Cl)cc21,0.0946,0.0854,0.105,0.98,2.1,Quant
MAT-POS-c7726e07-5,CNC(=O)CN1Cc2ccc(Cl)cc2[C@@]2(CCN(c3cncc4ccccc34)C2=O)C1,0.0950,0.0810,0.111,1.16,1.1,Quant
MAT-POS-c7726e07-6,CNC(=O)CN1Cc2ccc(Cl)cc2[C@]2(CCN(c3cncc4ccccc34)C2=O)C1,11.9,10.5,13.5,1.26,1.1,Quant
MAT-POS-c7726e07-7,[H][C@]1(C(=O)Nc2cncc3cc(NS(C)(=O)=O)ccc23)CN(S(=O)(=O)CC2(C#N)CC2)Cc2ccc(Cl)cc21,0.742,0.606,0.909,1.17,1.1,Quant
MAT-POS-c7726e07-8,[H][C@@]1(C(=O)Nc2cncc3cc(NS(C)(=O)=O)ccc23)CN(S(=O)(=O)CC2(C#N)CC2)Cc2ccc(Cl)cc21,< 0.0500,,,1.09,2.1,Strong
MAT-POS-c9973a83-1,COc1cc(Cl)cc(CC(=O)Nc2cnccc2C)c1,36.8,34.2,39.5,1.12,2.1,Quant
MAT-POS-d8472c4f-4,O=C(Nc1cncc2ccccc12)c1ccnc2cc(Cl)c(Cl)cc12,28.1,23.6,33.5,0.811,2.1,Quant
MAT-POS-dd1fff26-1,[H][C@]1(C(=O)Nc2cncc3ccccc23)CN(S(=O)(=O)CC2(C)CC2)Cc2ccc(Cl)cc21,4.58,4.23,4.96,1.12,1.1,Quant
MAT-POS-dd1fff26-2,[H][C@@]1(C(=O)Nc2cncc3ccccc23)CN(S(=O)(=O)CC2(C)CC2)Cc2ccc(Cl)cc21,0.0459,0.0411,0.0513,1.19,1.1,Quant
MAT-POS-e10a589d-1,OCCn1c(CSc2nc3ccccc3o2)nc2ccc(Cl)cc21,0.327,0.253,0.422,1.66,1.1,Quant
MAT-POS-e10a589d-4,N#Cc1ncn(CC(=O)Nc2ccc(Br)cc2Cl)n1,15.7,11.0,22.6,0.698,2.3,Quant
MAT-POS-e194df51-1,[H][C@@]1(C(=O)Nc2cncc3ccccc23)CN(S(=O)(=O)CC2(C#N)CC2)Cc2ccc(Cl)cc21,0.0368,0.0343,0.0395,1.19,1.1,Quant
MAT-POS-e194df51-2,[H][C@]1(C(=O)Nc2cncc3ccccc23)CN(S(=O)(=O)CC2(C#N)CC2)Cc2ccc(Cl)cc21,4.11,3.72,4.55,1.11,1.1,Quant
MAT-POS-e20a5dfb-1,O=C1N(c2cncc3ccccc23)CCC[C@@]12CCOc1ccc(Cl)cc12,> 99.5,,,1.32,2.3,Weak
MAT-POS-e20a5dfb-2,O=C1N(c2cncc3ccccc23)CCC[C@]12CCOc1ccc(Cl)cc12,0.365,0.329,0.404,1.07,1.1,Quant
MAT-POS-ea426761-13,O=c1oc(Nc2ccccc2)nc2ccccc12,1.57,0.993,2.48,0.739,1.3,Quant
MAT-POS-ea426761-49,CCCCc1nc(-c2nccn2CC(F)(F)F)c[nH]1,23.1,16.9,31.5,0.439,2.1,Quant
MAT-POS-ea426761-52,CCCCc1nc(-c2nccn2CCc2ccccn2)c[nH]1,21.7,13.2,35.9,0.407,2.3,Quant
MAT-POS-ea426761-53,CCCCc1nc(-c2nccn2Cc2ccoc2)c[nH]1,14.3,6.64,31.0,0.234,2.3,Quant
MAT-POS-ea426761-9,"COC1=CC=CC(=C1)C1=N\C(=C\C2=C(C)C=CS2)C(=O)O1 |c:4,6,13,16,t:2,9|",1.17,0.775,1.77,0.692,2.3,Quant
MAT-POS-ec6d90b7-1,O=C1O[C@]2(CCOc3ccc(Cl)cc32)C(=O)N1c1cncc2ccccc12,80.9,25.8,253,0.351,2.3,Quant
MAT-POS-ec6d90b7-2,O=C1O[C@@]2(CCOc3ccc(Cl)cc32)C(=O)N1c1cncc2ccccc12,> 99.5,,,0.973,4.0,Weak
MAT-POS-ec6d90b7-3,[H][C@]1(C(=O)Nc2cncc3ccncc23)CCOc2cc(F)c(Cl)cc21,> 99.5,,,0.774,2.1,Weak
MAT-POS-ec6d90b7-4,CO[C@]1(C(=O)Nc2cncc3ccc(F)cc23)CCOc2ccc(Cl)cc21,23.3,20.9,26.1,0.971,2.1,Quant
MAT-POS-ec6d90b7-5,[H][C@@]1(C(=O)Nc2cncc3ccc(F)cc23)CCNc2cc(Cl)c(Cl)cc21,0.182,0.166,0.199,1.05,1.1,Quant
MAT-POS-ec6d90b7-6,[H][C@@]1(C(=O)Nc2cncc3ccc(OC)cc23)CCNc2cc(Cl)c(Cl)cc21,0.0823,0.0560,0.121,1.09,1.1,Quant
MAT-POS-ec6d90b7-7,[H][C@@]1(C(=O)Nc2cncc3ccc(F)cc23)CCOc2cc(F)c(Cl)cc21,0.240,0.223,0.257,1.11,1.1,Quant
MAT-POS-f2460aef-1,CC(C)(C)c1ccc(cc1)N([C@@H](C(=O)NCCc1cccc(F)c1)c1cccnc1)C(=O)c1ccco1,0.174,0.167,0.181,1.1,2.1,Quant
MAT-POS-f2460aef-2,CC(C)(C)c1ccc(N(C(=O)c2ccco2)[C@@H](C(=O)NCCc2cccc(F)c2)c2cccnc2)cc1 |o1:16|,15.6,14.0,17.4,0.864,1.1,Quant
MAT-POS-f42f3716-2,Cc1ccncc1NC(=O)Cc1cc(Cl)cc(-c2ccc(S(C)(=O)=O)cc2Cl)c1,> 99.5,,,0.432,2.3,Weak
MAT-POS-f42f3716-3,COC(=O)c1ccc(-c2cc(Cl)cc(CC(=O)Nc3cnccc3C)c2)c(OC)c1,9.62,8.74,10.6,1.3,1.1,Quant
MAT-POS-f42f3716-4,CCc1cc(F)ccc1-c1cc(Cl)cc(CC(=O)Nc2cnccc2C)c1,31.6,26.6,37.5,0.822,2.1,Quant
MAT-POS-f42f3716-6,Cc1ccncc1NC(=O)Cc1cc(Cl)cc(-c2ccc(C)c(F)c2F)c1,31.9,28.0,36.5,0.986,2.1,Quant
MAT-POS-f42f3716-7,Cc1ccncc1NC(=O)Cc1cc(Cl)cc(-c2cnn(C)c2C(F)F)c1,19.3,17.3,21.5,1.18,2.1,Quant
MAT-POS-f42f3716-8,Cc1ccncc1NC(=O)Cc1cc(Cl)cc(/C=C(/c2ccccc2)C(F)(F)F)c1,22.8,20.3,25.6,1.36,2.1,Quant
MAT-POS-f42f3716-9,CCOC(=O)c1cc(-c2cc(Cl)cc(CC(=O)Nc3cnccc3C)c2)n[nH]1,> 99.5,,,,,Weak
MAT-POS-f7918075-5,O=C(Cc1cccc(Cl)c1)Nc1cncc2ccncc12,4.27,3.98,4.59,1.14,1.1,Quant
MAT-POS-f7918075-8,O=C(Cc1cccc(Cl)c1)Nc1cncc2nc[nH]c12,13.3,11.4,15.4,0.89,1.1,Quant
MAT-POS-f9802937-3,CN(C)C(=O)C[C@@]1(C(=O)Nc2cncc3ccccc23)CCOc2ccc(Cl)cc21,1.30,1.23,1.38,1.08,1.1,Quant
MAT-POS-f9802937-4,CN(C)C(=O)C[C@]1(C(=O)Nc2cncc3ccccc23)CCOc2ccc(Cl)cc21,20.5,19.4,21.6,1.04,2.1,Quant
MAT-POS-f9802937-5,CNC(=O)C[C@@]1(C(=O)Nc2cncc3ccccc23)CCOc2ccc(Cl)cc21,1.81,1.53,2.16,1.2,1.1,Quant
MAT-POS-f9802937-6,CNC(=O)C[C@]1(C(=O)Nc2cncc3ccccc23)CCOc2ccc(Cl)cc21,49.6,40.0,61.6,1.34,2.1,Quant
MAT-POS-f9802937-8,[H][C@@]1(C(=O)Nc2cncc3ccccc23)CCNc2cc(Cl)c(Cl)cc21,0.0474,0.0372,0.0605,0.885,1.1,Quant
MAT-POS-f9802937-9,[H][C@]1(C(=O)Nc2cncc3ccccc23)CCNc2cc(Cl)c(Cl)cc21,> 99.5,,,0.542,2.3,Weak
MAT-POS-fa06b69f-6,O=C1OC(c2cccs2)=NC1=Cc1ccc(N2CCOCC2)s1,0.696,0.478,1.01,0.662,1.3,Quant
MAT-POS-fce787c2-1,CCOc1c(Cl)cccc1CC(=O)Nc1cncc2ccccc12,6.96,5.53,8.76,0.883,1.1,Quant
MAT-POS-fce787c2-2,O=C(Cc1cc(Cl)cc(Cl)c1)Nc1cncc2ccccc12,1.37,0.751,2.51,0.451,2.3,Quant
MAT-POS-fce787c2-6,O=C(Nc1cncc2ccccc12)C(F)(F)c1ccc(Cl)c(Cl)c1,1.49,1.37,1.62,1.03,1.1,Quant
MIC-UNK-08cd9c58-1,O=C(Cc1cccc(Cl)c1)Nc1cncc2ncccc12,67.1,56.6,79.6,1.15,2.1,Quant
MIC-UNK-50cce87d-1,"FC1=CC=CC2=CN=CC(NC(=O)CC3=CC=CC(Cl)=C3)=C12 |c:3,7,16,19,t:1,5,14,21|",1.31,1.07,1.59,1.1,1.1,Quant
MIC-UNK-50cce87d-2,"ClC1=CC=CC(CC(=O)NC2=CN=CC3=CC=CC(Cl)=C23)=C1 |c:3,12,16,22,t:1,10,14,19|",0.594,0.427,0.825,0.781,1.1,Quant
MIC-UNK-50cce87d-3,Cc1cccc2cncc(NC(=O)Cc3cccc(Cl)c3)c12,0.331,0.314,0.350,1.12,1.1,Quant
MIC-UNK-66895286-1,O=C(Cc1cccc(Cl)c1)Nc1cn[nH]c1,> 99.5,,,,,Weak
MIC-UNK-66895286-3,Cc1n[nH]cc1CC(=O)Nc1cccc(Cl)c1,54.6,50.1,59.5,1.14,2.1,Quant
MIK-ENA-5d9157e9-1,N#CC1(CS(=O)(=O)N2Cc3ccc(Cl)cc3[C@@]3(CCN(c4cncc5ccccc45)C3=O)C2)CC1,0.0603,0.0558,0.0651,1.03,1.1,Quant
MIK-ENA-5d9157e9-2,N#CC1(CS(=O)(=O)N2Cc3ccc(Cl)cc3[C@]3(CCN(c4cncc5ccccc45)C3=O)C2)CC1,13.5,11.5,15.7,1.02,1.1,Quant
MIK-ENA-5d9157e9-3,[H][C@]1(C(=O)Nc2cncc3cccc(Cl)c23)CN(CC(=O)NC)C(=O)c2ccc(Cl)cc21,14.6,12.2,17.4,1.09,1.1,Quant
MIK-ENA-5d9157e9-4,[H][C@@]1(C(=O)Nc2cncc3cccc(Cl)c23)CN(CC(=O)NC)C(=O)c2ccc(Cl)cc21,0.0964,0.0906,0.103,1.14,2.1,Quant
MIK-ENA-5d9157e9-5,C[C@@]1(C(=O)Nc2cncc3c2CCCC3)CNS(=O)(=O)c2ccc(Cl)cc21,0.214,0.206,0.222,1.08,2.1,Quant
MIK-ENA-5d9157e9-6,C[C@]1(C(=O)Nc2cncc3c2CCCC3)CNS(=O)(=O)c2ccc(Cl)cc21,3.72,3.60,3.85,1.03,1.1,Quant
MIK-UNK-122557fa-1,CNC(=O)CN1Cc2ccc(Cl)cc2[C@]2(CCN(c3cncc4c3CCCC4)C2=O)C1,> 99.5,,,1.23,2.1,Weak
MIK-UNK-1619f2e2-1,CNC(=O)CN1Cc2ccc(Cl)cc2[C@@]2(CCN(c3cncc4c3CCCC4)C2=O)C1,0.235,0.226,0.245,1.06,2.1,Quant
MIK-UNK-58cd43d0-1,[H][C@]1(C(=O)Nc2cncc3c2CCCC3)CNS(=O)(=O)c2ccc(Cl)cc21,0.723,0.690,0.758,1.04,1.1,Quant
MIK-UNK-78dbf1b8-1,[H][C@@]1(C(=O)Nc2cncc3c2CCCC3)CNS(=O)(=O)c2ccc(Cl)cc21,0.205,0.199,0.211,0.993,2.1,Quant
PAU-WEI-5b8d5051-1,C=CC(=O)N(c1ccc(C(C)(C)C)cc1)[C@H](C(=O)NCCc1cccc(F)c1)c1cccnc1 |o1:15|,2.86,2.67,3.05,1.22,1.1,Quant
PEI-IMP-3d837503-1,CCOC(=O)/C=C/N1CCN(S(=O)(=O)c2ccccc2)CC1,30.0,26.7,33.6,1.14,2.1,Quant
PEI-IMP-3d837503-2,C=CC(=O)N1CCN(S(=O)(=O)c2ccccc2)CC1,> 99.5,,,,,Weak
PEI-IMP-3d837503-3,C=CS(=O)(=O)N1CCN(S(=O)(=O)c2ccccc2)CC1,> 99.5,,,0.821,2.3,Weak
PEI-IMP-668afc53-1,COc1ccc(-c2ccccc2S(=O)(=O)N2CCN(C(=O)CCl)CC2)cc1,0.551,0.500,0.608,1.5,1.1,Quant
PEI-IMP-668afc53-2,COc1ccc(-c2ccsc2S(=O)(=O)N2CCN(C(=O)CCl)CC2)cc1,1.05,0.976,1.13,1.57,1.1,Quant
PET-UNK-1901c25b-1,CN(C)c1ccc(N(Cc2ccsc2)C(=O)Cc2cncc3ccccc23)cc1,0.285,0.167,0.484,0.803,2.3,Quant
PET-UNK-29afea89-2,CO[C@@]1(C(=O)Nc2cncc3ccccc23)CCOc2ccc(Cl)cc21,0.0874,0.0811,0.0943,1.09,1.1,Quant
PET-UNK-2c6614b6-5,[H][C@@]1(C(=O)Nc2cncc3cc(F)ccc23)CCS(=O)(=O)c2ccc(Cl)cc21,0.294,0.250,0.347,0.931,1.1,Quant
PET-UNK-372a2f82-1,Cl.O=C(Cc1cc(Cl)cc(Cc2ccn[nH]2)c1)Nc1cncc2ccccc12,5.04,4.35,5.85,1.2,1.1,Quant
PET-UNK-3c72d439-1,O=C(Cc1cc(Cl)ccn1)Nc1cncc2ccccc12,3.40,3.15,3.67,1.08,1.1,Quant
PET-UNK-6314f867-2,"ClC1=CC=CC(CC(=O)NC2=CN=CC3=CC(=CC=C23)C#N)=C1 |c:3,12,16,23,t:1,10,14,18|",9.00,7.26,11.1,0.918,1.1,Quant
PET-UNK-7374c256-2,CN(C)c1ccc(N(Cc2ccn[nH]2)C(=O)Cn2nnc3ccccc32)cc1,15.9,9.15,27.7,0.784,1.3,Quant
PET-UNK-752bebd6-1,COc1ccccc1OCCNC(=O)c1cc(=O)ccn1C,> 99.5,,,0.997,3.0,Weak
PET-UNK-7fb4f80a-1,CS(=O)(=O)Oc1ccc2c(NC(=O)Cc3cccc(Cl)c3)cncc2c1,1.60,1.42,1.80,1.02,1.1,Quant
PET-UNK-7fb4f80a-2,CS(=O)(=O)Oc1ccc2cncc(NC(=O)Cc3cccc(Cl)c3)c2c1,2.67,2.48,2.88,1.08,1.1,Quant
PET-UNK-8922bd3c-1,O=C(Cc1cncc2ccccc12)Nc1cccc(Cl)c1,6.47,5.80,7.22,1.11,1.1,Quant
PET-UNK-8df914d1-2,O=C(Cc1cccc(Cl)c1)Nc1cnc2ccccn12,8.03,7.15,9.02,1.31,1.1,Quant
PET-UNK-8df914d1-4,Cn1cncc1NC(=O)Cc1cccc(Cl)c1,93.9,82.1,107,1.34,2.1,Quant
PET-UNK-ac320b15-10,"O=C(Nc1cncc2ccccc12)[C@@H](NC(=O)[C@H]1CC[C@@H](C(=O)N2CCCC2)O1)c1cccc(Cl)c1 |o1:13,o2:17,20|",6.16,5.72,6.63,1.06,1.1,Quant
PET-UNK-ac320b15-9,"O=C(N[C@@H](C(=O)Nc1cncc2ccccc12)c1cccc(Cl)c1)[C@H]1CC[C@@H](C(=O)N2CCCC2)O1 |o1:3,o2:24,27|",12.0,10.9,13.3,1.22,1.1,Quant
PET-UNK-af70882d-1,[H][C@@]1(C(=O)Nc2cncc3ccccc23)CN(S(=O)(=O)CC(C)(C)C#N)Cc2ccc(Cl)cc21,0.0969,0.0835,0.113,1.0,1.1,Quant
PET-UNK-b1ef24dc-1,O=C(Cc1cccc(Cl)c1)Nc1cncc2cnoc12,23.9,20.6,27.8,1.27,2.1,Quant
PET-UNK-b1ef24dc-3,O=C(Cc1cccc(Cl)c1)Nc1cncc2oncc12,50.6,47.4,54.1,3.06,2.1,Quant
PET-UNK-b38839dc-1,"COC1=CC2=C(NC(=O)CC3=CC=CC(Cl)=C3)C=NC=C2C=C1F |c:4,12,15,18,20,23,t:2,10|",1.14,1.00,1.29,1.15,1.1,Quant
PET-UNK-bb7ffe78-1,CCc1cc(Cl)cc(CC(=O)Nc2cncc3ccccc23)c1,1.80,1.29,2.51,0.7,1.1,Quant
PET-UNK-bb7ffe78-2,O=C(Cc1cc(Cl)cc(OC(F)(F)F)c1)Nc1cncc2ccccc12,1.55,1.24,1.94,0.58,1.1,Quant
PET-UNK-bb7ffe78-3,CCCc1cc(Cl)cc(CC(=O)Nc2cncc3ccccc23)c1,2.65,1.27,5.54,0.354,2.3,Quant
PET-UNK-bbe8d7ff-2,Cc1ccncc1N(CC#N)C(=O)Cc1cccc(Cl)c1,> 99.5,,,1.3,3.0,Weak
PET-UNK-c9c1e0d8-2,C#Cc1cccc(CC(=O)Nc2cncc3ccccc23)c1,9.38,8.04,11.0,1.16,1.1,Quant
PET-UNK-d899bab6-1,CN(C)c1ccc2cncc(NC(=O)Cc3cccc(Cl)c3)c2c1,0.729,0.679,0.783,1.24,1.1,Quant
PET-UNK-dd44aeb6-1,O=C(Cc1cc(Cl)ccc1F)Nc1cncc2ccccc12,0.707,0.641,0.780,0.972,1.1,Quant
PET-UNK-dd44aeb6-2,O=C(Cc1cc(Cl)ccc1Cl)Nc1cncc2ccccc12,1.02,0.723,1.44,0.699,1.1,Quant
PET-UNK-e274cad4-6,Cn1ccc2cncc(NC(=O)Cc3cccc(Cl)c3)c21,1.45,1.29,1.62,1.13,1.1,Quant
PET-UNK-e44ffd04-1,O=C(Cc1cccc(Cl)c1)Nc1nnc2ccccn12,> 99.5,,,0.818,2.3,Weak
RAL-THA-1d44ff04-8,O=C(Cc1cc(Cl)cc(-c2nnc[nH]2)c1)Nc1cncc2ccccc12,5.30,4.84,5.80,0.974,1.1,Quant
RAL-THA-2d450e86-1,O=C(Cc1ccccc1)Nc1cncc2ccccc12,14.0,12.6,15.6,1.22,1.1,Quant
RAL-THA-2d450e86-10,O=C(Cc1cccc(F)c1)Nc1cncc2ccccc12,1.85,1.66,2.07,1.07,1.1,Quant
RAL-THA-2d450e86-11,COc1cccc(CC(=O)Nc2cncc3ccccc23)c1,30.5,28.2,32.9,1.01,2.1,Quant
RAL-THA-2d450e86-12,N#Cc1cccc(CC(=O)Nc2cncc3ccccc23)c1,1.83,1.68,1.99,0.983,1.1,Quant
RAL-THA-2d450e86-13,Cc1cccc(CC(=O)Nc2cncc3ccccc23)c1,4.80,4.28,5.39,1.01,1.1,Quant
RAL-THA-2d450e86-14,O=C(Cc1cc(F)cc(Cl)c1)Nc1cncc2ccccc12,0.398,0.359,0.442,1.05,1.1,Quant
RAL-THA-2d450e86-16,O=C(Cc1cc(F)cc(F)c1)Nc1cncc2ccccc12,0.569,0.519,0.625,0.996,1.1,Quant
RAL-THA-2d450e86-17,N#Cc1cc(Cl)cc(CC(=O)Nc2cncc3ccccc23)c1,0.430,0.387,0.478,1.03,1.1,Quant
RAL-THA-2d450e86-19,O=C(Cc1cccc(Cl)c1F)Nc1cncc2ccccc12,23.6,14.1,39.4,0.497,2.3,Quant
RAL-THA-2d450e86-2,O=C(Cc1ccc(Cl)cc1)Nc1cncc2ccccc12,23.7,12.5,44.8,0.422,2.3,Quant
RAL-THA-2d450e86-23,O=C(Cc1cccc(F)c1F)Nc1cncc2ccccc12,13.2,10.3,16.8,0.889,2.1,Quant
RAL-THA-2d450e86-26,O=C(Cc1cc(F)ccc1F)Nc1cncc2ccccc12,1.71,1.56,1.89,1.02,1.1,Quant
RAL-THA-2d450e86-3,Cc1ccc(CC(=O)Nc2cncc3ccccc23)cc1,58.4,36.2,94.1,0.547,2.3,Quant
RAL-THA-2d450e86-30,O=C(Cc1cncc(Cl)c1)Nc1cncc2ccccc12,0.998,0.915,1.09,1.02,1.1,Quant
RAL-THA-2d450e86-31,O=C(Cc1cccc(C(F)(F)F)c1)Nc1cncc2ccccc12,6.94,5.17,9.32,0.763,2.1,Quant
RAL-THA-2d450e86-32,O=C(Cc1ccc(C(F)(F)F)cc1)Nc1cncc2ccccc12,24.8,15.7,39.3,0.392,2.3,Quant
RAL-THA-2d450e86-33,O=C(Cc1ccc(Cl)cn1)Nc1cncc2ccccc12,12.2,10.9,13.7,0.994,1.1,Quant
RAL-THA-2d450e86-34,O=C(Cc1ccncc1Cl)Nc1cncc2ccccc12,52.6,39.5,70.0,0.889,2.3,Quant
RAL-THA-2d450e86-36,O=C(Cc1ccccc1Cl)Nc1cncc2ccccc12,> 99.5,,,0.488,2.3,Weak
RAL-THA-2d450e86-37,O=C(Cc1ccccc1F)Nc1cncc2ccccc12,24.7,19.9,30.8,0.731,2.1,Quant
RAL-THA-2d450e86-38,Cc1ccccc1CC(=O)Nc1cncc2ccccc12,29.5,22.8,38.2,0.748,2.1,Quant
RAL-THA-2d450e86-39,COc1ccccc1CC(=O)Nc1cncc2ccccc12,35.0,28.4,43.0,1.05,2.1,Quant
RAL-THA-2d450e86-4,COc1ccc(CC(=O)Nc2cncc3ccccc23)cc1,72.5,60.7,86.7,1.02,2.1,Quant
RAL-THA-2d450e86-5,N#Cc1ccc(CC(=O)Nc2cncc3ccccc23)cc1,> 99.5,,,0.668,2.3,Weak
RAL-THA-2d450e86-6,O=C(Cc1ccc(F)c(Cl)c1)Nc1cncc2ccccc12,0.353,0.330,0.378,1.06,1.1,Quant
RAL-THA-2d450e86-7,O=C(Cc1ccc(F)cc1)Nc1cncc2ccccc12,4.97,4.37,5.65,0.95,1.1,Quant
RAL-THA-2d450e86-8,Cc1ccc(CC(=O)Nc2cncc3ccccc23)cc1Cl,1.09,0.699,1.71,0.517,1.3,Quant
RAL-THA-2d450e86-9,O=C(Cc1ccc(Cl)c(F)c1)Nc1cncc2ccccc12,2.03,1.45,2.84,0.617,1.1,Quant
RAL-THA-6b94ceba-1,Cc1ccncc1NC(=O)Cc1cc(Cl)cc(OCc2ncc[nH]2)c1,> 99.5,,,1.96,2.1,Weak
RAL-THA-6b94ceba-12,Cc1ccncc1NC(=O)Cc1cc(Cl)cc(CNS(C)(=O)=O)c1,16.6,11.9,23.1,1.17,2.3,Quant
RAL-THA-6b94ceba-13,Cc1ccncc1NC(=O)Cc1cc(Cl)cc(S(N)(=O)=O)c1,14.6,13.3,16.1,1.12,1.1,Quant
RAL-THA-6b94ceba-2,Cc1ccncc1NC(=O)Cc1cc(Cl)cc(OCc2ncn[nH]2)c1,37.0,33.6,40.9,1.17,2.1,Quant
RAL-THA-6b94ceba-5,CC(=O)NCc1cc(Cl)cc(CC(=O)Nc2cnccc2C)c1,41.3,25.7,66.5,0.973,2.3,Quant
RAL-THA-6b94ceba-7,CNC(=O)c1cc(Cl)cc(CC(=O)Nc2cnccc2C)c1,57.3,53.5,61.2,1.26,2.1,Quant
RAL-THA-6b94ceba-9,Cc1ccncc1NC(=O)Cc1cc(Cl)cc(-c2ncc[nH]2)c1,> 99.5,,,1.19,2.1,Weak
RED-RED-10c9212c-1,Cc1nc(C2CCN(C(=O)c3ccc(Br)cc3)CC2)n[nH]1,> 99.5,,,,,Weak
RED-RED-10c9212c-10,CCc1n[nH]c(=O)c(-c2nc(-c3c[nH]c4ncccc34)cs2)c1CC,> 99.5,,,0.794,3.0,Weak
RED-RED-10c9212c-11,O=C(NCCCc1nc(=O)[nH][nH]1)C1(c2ccc(F)cc2F)CCC1,> 99.5,,,,,Weak
RED-RED-10c9212c-12,O=C(O)c1ccc(CNCc2c[nH]nc2-c2cccs2)cc1,> 99.5,,,,,Weak
RED-RED-10c9212c-13,O=CN1CCC(OC(=O)c2c[nH]nc2-c2ccc(Cl)cc2)CC1,> 99.5,,,,,Weak
RED-RED-10c9212c-14,Cc1[nH]c2ccccc2c1C(=O)CSc1nc2cc(Cl)cnc2[nH]1,> 99.5,,,0.407,2.3,Weak
RED-RED-10c9212c-15,O=C(NCc1ccc2[nH]c(=O)[nH]c2c1)Nc1ccc(F)c(F)c1,> 99.5,,,0.803,4.0,Weak
RED-RED-10c9212c-16,Clc1scc(CN2CCC(c3ccn[nH]3)CC2)c1Cl,> 99.5,,,,,Weak
RED-RED-10c9212c-17,O=C(Cn1ccc(=O)[nH]c1=O)OCc1ccc(-c2ccccc2)cc1,> 99.5,,,5.06,3.0,Weak
RED-RED-10c9212c-18,O=C(c1cc(F)cc(F)c1)N1CCOc2cc(O)ccc2C1,> 99.5,,,-0.662,4.0,Weak
RED-RED-10c9212c-19,O=C(CCc1nc2ccccc2[nH]1)N1CCC(CCc2ccccc2)CC1,> 99.5,,,,,Weak
RED-RED-10c9212c-2,NC(=O)CN1CCCN(C(=O)CCSc2ccc(F)cc2)CC1,> 99.5,,,,,Weak
RED-RED-10c9212c-20,Cc1ccc(-c2ccc(C(=O)N3CC[C@H](N)C3)c(F)c2)cc1,> 99.5,,,,,Weak
RED-RED-10c9212c-21,Cc1c(Cl)cc(S(=O)(=O)N2CC=C(c3c[nH]c4ncccc34)CC2)cc1[N+](=O)[O-],> 99.5,,,0.734,2.3,Weak
RED-RED-10c9212c-22,Cc1ccc(-n2c(C)c(C)n3c4c(=O)n(CCCO)c(=O)n(C)c4nc23)cc1Cl,> 99.5,,,,,Weak
RED-RED-10c9212c-23,C1=C(c2c[nH]c3ccccc23)CCN(Cc2ccno2)C1,> 99.5,,,,,Weak
RED-RED-10c9212c-24,Cc1cccc(CN2CCN(c3nc4ccccc4nc3C)CC2)c1,> 99.5,,,,,Weak
RED-RED-10c9212c-25,O=c1[nH]c2ccc(NC(=S)Nc3ccccc3Cl)cc2[nH]1,> 99.5,,,,,Weak
RED-RED-10c9212c-26,O=C(OCC(=O)N1CCC(Cc2ccccc2)CC1)c1cc(=O)[nH]c(=O)[nH]1,> 99.5,,,2.6,3.0,Weak
RED-RED-10c9212c-27,O=C(NCCc1nnc2n1CCC2)c1cc(O)nc2ccccc12,> 99.5,,,3.61,4.0,Weak
RED-RED-10c9212c-28,Cc1nc(-c2cccc(NCc3ccccc3C)c2)n[nH]1,> 99.5,,,,,Weak
RED-RED-10c9212c-29,O=c1[nH]c(-c2nnc[nH]2)nc2cc(-c3ccccc3Cl)sc12,> 99.5,,,0.74,2.3,Weak
RED-RED-10c9212c-3,Cc1sc2ncnc(N3CCc4c(ncn4C4CC4)C3)c2c1C,> 99.5,,,,,Weak
RED-RED-10c9212c-30,COc1ccc([N+](=O)[O-])cc1COC(=O)c1cnc2ccccc2n1,> 99.5,,,0.701,3.0,Weak
RED-RED-10c9212c-31,CC=CC=CC(=O)N1CC=C(c2c[nH]c3ncccc23)CC1,> 99.5,,,,,Weak
RED-RED-10c9212c-4,O=C(Nc1ccc(-c2nnc[nH]2)cc1)c1cccc(F)c1F,> 99.5,,,,,Weak
RED-RED-10c9212c-5,O=C(Nc1cccnc1)N1CCC(CN2CCc3ccccc32)CC1,> 99.5,,,1.51,3.0,Weak
RED-RED-10c9212c-6,O=c1[nH]c2ccc(-c3csc(NCc4ccc(F)cc4)n3)cc2o1,> 99.5,,,,,Weak
RED-RED-10c9212c-7,Cc1c(Cl)cccc1S(=O)(=O)N(Cc1ccc(F)cc1)c1ccc2[nH]c(=O)[nH]c2c1,> 99.5,,,,,Weak
RED-RED-10c9212c-8,O=C(Cn1ccc(=O)[nH]c1=O)N1CCN(c2ccccc2O)CC1,> 99.5,,,,,Weak
RED-RED-10c9212c-9,O=C(COC(=O)C1(c2ccccc2)CCC1)c1c[nH]c2ccccc12,> 99.5,,,1.11,4.0,Weak
ROB-CAM-6936528f-1,O=C1Cc2ccccc2N(C(=O)Cc2cccc(Cl)c2)C1,> 99.5,,,1.4,2.3,Weak
ROB-IMP-e811baff-1,CNC(=O)Nc1ccc(N(Cc2ccsc2)C(=O)Cn2nnc3ccccc32)cc1,1.42,0.557,3.62,0.518,1.3,Quant
ROD-UFR-0ea09143-1,CCCc1cc2c(cc1S(=O)(=O)N1CCN(c3cccc(Cl)c3Cl)CC1)OCO2,> 99.5,,,,,Weak
ROD-UFR-74bef589-1,O=S(=O)(Nc1cc2c(cc1OCc1ccccc1)OCO2)c1ccccc1,> 99.5,,,1.41,2.3,Weak
ROD-UFR-7c6582a7-1,CCCc1cc2c(cc1S(=O)(=O)N1CCN(c3ncccn3)CC1)OCO2,> 99.5,,,1.29,3.0,Weak
ROD-UFR-86d8d6a3-1,O=S(=O)(Nc1ccccc1)c1cc2c(cc1OCc1ccccc1)OCO2,72.8,67.9,78.2,3.37,2.1,Quant
ROD-UFR-87309d29-1,O=C(O)CCc1cc2c(cc1S(=O)(=O)N1CCN(c3ccccc3)CC1)OCO2,> 99.5,,,0.251,4.0,Weak
ROD-UFR-93b30032-1,O=S(=O)(c1cc2c(cc1OCc1ccccc1)OCO2)N1CCOCC1,> 99.5,,,,,Weak
ROD-UFR-9b69e111-1,Cc1cc2c(cc1S(=O)(=O)N1CCN(c3ccccc3)CC1)OCO2,> 99.5,,,2.28,4.0,Weak
ROD-UFR-d5063330-1,CCCc1cc2c(cc1S(=O)(=O)N1CCN(c3ccccc3OC)CC1)OCO2,> 99.5,,,,,Weak
ROD-UFR-d767f115-1,CNS(=O)(=O)c1cc2c(cc1OCc1ccccc1)OCO2,> 99.5,,,,,Weak
RUB-POS-1325a9ea-12,O=C(Cc1cccc(Cl)c1)Nc1cncc2cn[nH]c12,2.10,1.85,2.39,0.895,1.1,Quant
RUB-POS-1325a9ea-13,O=C(Cc1cccc(Cl)c1)Nc1cncc2[nH]ncc12,21.8,20.5,23.2,1.04,2.1,Quant
RUB-POS-1325a9ea-14,Cn1ncc2cncc(NC(=O)Cc3cccc(Cl)c3)c21,1.50,1.12,2.00,1.37,1.1,Quant
RUB-POS-1325a9ea-15,Cn1ncc2c(NC(=O)Cc3cccc(Cl)c3)cncc21,34.0,26.5,43.7,1.07,2.1,Quant
RUB-POS-1325a9ea-22,O=C(Cc1cccc(Cl)c1)NC1=NC(=O)c2ccccc21,> 99.5,,,1.55,2.3,Weak
RUB-POS-1325a9ea-4,Cc1ccc2cncc(NC(=O)Cc3cccc(Cl)c3)c2c1,0.537,0.494,0.584,1.08,1.1,Quant
RUB-POS-1325a9ea-5,Cc1cccc2c(NC(=O)Cc3cccc(Cl)c3)cncc12,> 99.5,,,0.458,2.3,Weak
RUT-UNI-630c5802-20,"CCC(C)(C)CCN(CC1=CSC=C1)C(=O)CN1N=NC2=CC=CC=C12 |c:12,19,23,t:9,21,25|",78.5,43.5,142,0.838,2.3,Quant
SAL-UNI-60119594-10,COc1cc(O)c(CC=C(C)C)c(O)c1C(=O)/C=C/c1ccc(O)cc1,> 99.5,,,0.735,2.3,Weak
SAL-UNI-60119594-2,COC(C)(C)/C=C/C[C@@H](C)[C@H]1CC[C@@]2(C)[C@@H]3[C@@H](O[C@@H]4O[C@H](CO)[C@@H](O)[C@H](O)[C@H]4O)C=C4[C@@H](CC[C@H](O)C4(C)C)[C@]3(C=O)CC[C@]12C,> 99.5,,,,,Weak
SAL-UNI-60119594-4,CC(C)=CCC[C@@](C)(O)[C@H]1CC[C@]2(C)[C@@H]1[C@H](O)C[C@@H]1[C@@]3(C)CC[C@H](O[C@@H]4O[C@H](CO)[C@@H](O)[C@H](O)[C@H]4O)C(C)(C)[C@@H]3CC[C@]12C,> 99.5,,,,,Weak
SAL-UNI-60119594-5,CC1=C[C@@H](c2c(O)cc(-c3cc4ccc(O)cc4o3)cc2O)[C@@H](C(=O)c2ccc(O)cc2O)[C@H](c2ccc(O)cc2O)C1,> 99.5,,,1.21,2.3,Weak
SAL-UNI-60119594-6,CC(C)=CCC/C(C)=C/CC/C(C)=C/CC/C(C)=C/Cc1cc(O)cc2c1OC(=O)C2=C(C)C,> 99.5,,,0.254,2.3,Weak
SAL-UNI-60119594-7,C[C@H](C/C=C/C(C)(C)O)[C@H]1CC[C@@]2(C)[C@@H]3C=C[C@@]45OC[C@]3(CC[C@]12C)[C@@H]4CC[C@H](O)C5(C)C,> 99.5,,,,,Weak
SAL-UNI-60119594-8,COc1c(O[C@@H]2O[C@H](CO)[C@@H](O)[C@H](O)[C@H]2O)cc2oc(-c3ccc(O)cc3)cc(=O)c2c1O,> 99.5,,,1.95,3.0,Weak
SAL-UNI-60119594-9,O=c1c(O[C@@H]2O[C@H](CO)[C@H](O)[C@H](O)[C@H]2O)c(-c2ccc(O)c(O)c2)oc2cc(O)cc(O)c12,> 99.5,,,3.25,2.3,Weak
SAM-UNK-2684b532-12,O=C(Cc1cccc(Cl)c1)Nc1cnccc1C(F)(F)F,18.2,16.3,20.2,1.09,1.1,Quant
SHA-THE-408e7524-10,C[C@@H](NC(=O)[C@@H](CCCNC(N)=N)NC(=O)[C@@H](CCCNC(N)=N)NC(=O)[C@@H](CCCNC(N)=N)NC(=O)[C@@H](C)NC(=O)[C@@H](CSSC[C@H](N)C(O)=O)NC(C)=O)C(=O)N[C@H](CCCNC(N)=N)C(N)=O,> 99.0,,,,,Weak
SHA-THE-408e7524-13,"CCCCCC(=O)SCCNC(=O)CCNC(=O)[C@H](O)C(C)(C)COP(O)(=O)OP(O)(=O)OC[C@H]1O[C@H]([C@H](O)[C@@H]1OP(O)(O)=O)N1C=NC2=C(N)N=CN=C12 |c:47,49,52,t:54|",46.1,(IC50 CI (Lower) could not be calculated; confidence interval too large),(IC50 CI (Upper) could not be calculated; confidence interval too large),23.4,1.1,Quant
SHA-THE-408e7524-19,"C[C@H](C(O)=O)C(=O)SCCNC(=O)CCNC(=O)[C@H](O)C(C)(C)COP(O)(=O)OP(O)(=O)OC[C@H]1O[C@H]([C@H](O)[C@@H]1OP(O)(O)=O)N1C=NC2=C(N)N=CN=C12 |c:47,49,52,t:54|",> 99.0,,,0.273,2.3,Weak
SHA-THE-408e7524-21,"CC(C)(COP(O)(=O)OP(O)(=O)OC[C@H]1O[C@H]([C@H](O)[C@@H]1OP(O)(O)=O)N1C=NC2=C(N)N=CN=C12)[C@@H](O)C(=O)NCCC(=O)NCCSC(=O)CCC(O)=O |c:27,29,32,t:34|",> 99.0,,,,,Weak
SHA-THE-408e7524-22,"CN1C[C@@H](C2=CC(=CC=C2)S(=O)(=O)NCCOCCOCCNC(=O)NCCCCNC(=O)NCCOCCOCCNS(=O)(=O)C2=CC(=CC=C2)[C@@H]2CN(C)CC3=C(Cl)C=C(Cl)C=C23)C2=CC(Cl)=CC(Cl)=C2C1 |c:6,8,49,51,59,72,75,t:4,47,62,65,69|",> 99.0,,,2.24,2.3,Weak
SHA-THE-408e7524-3,C[C@H](N)C(=O)N[C@@H](CCC(N)=O)C(O)=O,> 99.0,,,,,Weak
SHA-THE-408e7524-4,C[C@@H]1CC[C@@]2(CC[C@]3(C)C(=CC[C@@H]4[C@@]5(C)C[C@@H](O)[C@H](O)[C@@](C)(CO)[C@@H]5CC[C@@]34C)[C@@H]2[C@H]1C)C(=O)O[C@@H]1O[C@H](CO[C@@H]2O[C@H](CO)[C@@H](O[C@@H]3O[C@@H](C)[C@H](O)[C@@H](O)[C@H]3O)[C@H](O)[C@H]2O)[C@@H](O)[C@H](O)[C@H]1O |c:9|,> 99.0,,,0.318,2.3,Weak
SHA-THE-408e7524-6,"COC(=O)N[C@@H](C(C)C)C(=O)N1CCC[C@H]1C1=NC=C(N1)C1=CC=C(C=C1)C1=CC=C(C=C1)C1=CN=C(N1)[C@@H]1CCCN1C(=O)[C@@H](NC(=O)OC)C(C)C |c:19,25,27,32,34,39,t:17,23,30,37|",> 99.0,,,,,Weak
SHA-THE-408e7524-7,CC[C@H](C)[C@H](NC(=O)[C@H](CO)NC(=O)[C@@H](NC(=O)[C@@H]1CCCN1C(=O)[C@H](C)NC(=O)[C@@H](N)CC(N)=O)C(C)C)C(=O)N1CCC[C@H]1C(=O)N[C@@H](CCC(N)=O)C(O)=O,> 99.0,,,,,Weak
SHA-THE-408e7524-8,"CC(C)C[C@@H](NC(=O)[C@@H](CC1=CC=CC=C1)NC(=O)[C@H](N)CC1=CC=CC=C1)C(=O)N[C@H](CCCCN)C(=O)N1CCC(N)(CC1)C(O)=O |c:12,14,25,27,t:10,23|",> 99.0,,,,,Weak
SHA-THE-408e7524-9,"CC1=CC(O)=CC(C)=C1C[C@H](NC(=O)[C@H](N)CCCNC(N)=N)C(=O)N[C@@H](CCCCN)C(=O)N[C@@H](CC1=CC=CC=C1)C(N)=O |c:4,7,40,42,t:1,38|",> 99.0,,,,,Weak
STE-KUL-d79e3d6a-2,C#CCCCC(=O)N[C@H](C(=O)N[C@H](CC(C)C)C(=O)NN(CCC(N)=O)C(=O)/C=C/C(=O)OC)C(C)(C)C,0.0440,0.0411,0.0471,1.4,1.1,Quant
STE-KUL-d79e3d6a-3,C#CCCCC(=O)N[C@H](C(=O)N[C@H](CC(C)C)C(=O)NN(CCC(N)=O)C(=O)CCl)C(C)(C)C,0.0208,0.0169,0.0256,1.2,2.1,Quant
STE-KUL-d79e3d6a-4,C#CCCCC(=O)N[C@@H](CC)C(=O)N[C@H](C(=O)N[C@@H](CC(C)C)C(=O)N[C@@H](CCC(N)=O)C(=O)COC(=O)c1c(C)cccc1C)C(C)(C)C,4.27,3.73,4.89,0.835,1.1,Quant
STE-KUL-d79e3d6a-5,C#CCCCC(=O)N[C@@H](CC)C(=O)N[C@H](C(=O)N[C@@H](CC(C)C)C(=O)N[C@@H](CCC(=O)N(C)C)C(=O)COC(=O)c1c(C)cccc1C)C(C)(C)C,5.83,5.15,6.60,0.965,1.1,Quant
TAT-ENA-80bfd3e5-1,CN(C)S(=O)(=O)c1cccc(C(=O)Nc2c(-c3ccccc3)nc3sccn23)c1,0.975,0.748,1.27,1.53,1.1,Quant
TAT-ENA-80bfd3e5-37,"CC1=CC(C(=O)CCl)=C(C)N1NC(=O)C1=NNC(=O)C2=CC=CC=C12 |c:22,t:1,7,15,20,24|",6.05,5.33,6.87,1.34,1.1,Quant
TAT-ENA-80bfd3e5-4,"CC1=C(N2C=CC=CC2=C1C(=O)CCl)C(=O)C1=CC=C(F)C=C1 |c:4,6,9,23,t:1,18,20|",7.51,7.23,7.80,1.29,1.1,Quant
TRY-UNI-2eddb1ff-2,Cc1ccncc1NC(=O)Cc1cncc(Cl)c1,46.4,31.0,69.6,1.14,2.3,Quant
TRY-UNI-714a760b-12,"CC1=CC=NC=C1NC(=O)NC1=CC=CC(Cl)=C1 |c:3,5,14,17,t:1,12|",61.0,55.6,66.9,1.05,2.1,Quant
TRY-UNI-714a760b-3,Cc1c(N)cncc1NC(=O)Cc1cccc(Cl)c1,4.22,4.05,4.40,1.01,1.1,Quant
TRY-UNI-714a760b-6,Cc1ccncc1NC(=O)Cc1cccc(Cl)c1,25.4,22.4,28.9,1.16,2.1,Quant
UNK-CYC-68f84b31−70,"FC(F)(F)C1=CC=NN1C1=CC(=CC=C1)C(=O)NNC(=O)OCC1=CC=CC=C1 |c:6,12,14,27,29,t:4,10,25|",> 99.5,,,,,Weak
VLA-UCB-00f2c2b3-7,O=C(Cc1cccc(Cl)c1)Nc1cccc2[nH]ncc12,> 99.5,,,0.832,2.3,Weak
VLA-UCB-05e51b3f-10,[H][C@]1(C(=O)N(C(=O)C=C)c2cncc3ccccc23)CCOc2ccc(Cl)cc21,1.45,1.31,1.59,0.876,1.1,Quant
VLA-UCB-05e51b3f-5,O=C1C[C@@]2(CCOc3ccc(Cl)cc32)C(=O)N1c1cncc2ccccc12,39.8,32.9,48.2,1.38,2.1,Quant
VLA-UCB-34f3ed0c-11,O=C1N[C@@]2(CCOc3ccc(Cl)cc32)C(=O)N1c1cncc2ccccc12,20.5,18.6,22.6,1.06,2.1,Quant
VLA-UCB-50c39ae8-2,O=C1C[C@]2(CCOc3ccc(Cl)cc32)C(=O)N1c1cncc2ccccc12,0.246,0.216,0.280,1.24,1.1,Quant
VLA-UCB-50c39ae8-7,[H][C@@]1(C(=O)N(C(=O)C=C)c2cncc3ccccc23)CCOc2ccc(Cl)cc21,0.828,0.686,0.999,0.785,1.1,Quant
VLA-UNK-82501c2c-1,O=C(Cc1ccc(Cl)c(Cl)c1)Nc1cncc2cnccc12,1.85,1.39,2.46,0.828,1.1,Quant
VLA-UNK-82501c2c-2,O=C(Cc1ccc(Cl)c(Cl)c1)Nc1cncc2ccncc12,1.79,1.14,2.79,0.779,1.3,Quant
VLA-UNK-cf7facf1-1,O=C1N[C@]2(CCOc3ccc(Cl)cc32)C(=O)N1c1cncc2ccccc12,0.692,0.657,0.728,1.08,1.1,Quant
WIL-MOD-03b86a88-2,Cc1ccncc1NC(=O)Cc1cc(Cl)cc(C2COC2)c1,19.1,4.70,77.5,0.449,2.3,Quant
WIL-MOD-03b86a88-4,Cc1ccncc1NC(=O)Cc1cc(Cl)cc(OC2COC2)c1,16.0,14.7,17.3,0.99,1.1,Quant
WIL-MOD-03b86a88-5,Cc1ccncc1NC(=O)Cc1cc(Cl)cc(NS(C)(=O)=O)c1,21.8,19.3,24.6,1.14,2.1,Quant
WIL-MOD-03b86a88-6,Cc1ccncc1NC(=O)Cc1cc(Cl)cc(NS(N)(=O)=O)c1,11.3,9.49,13.4,0.975,1.1,Quant
WIL-UNI-1faa9b10-10,NS(=O)(=O)c1cc(Cl)c(F)c(C(=O)NNc2ccc(Cl)c(F)c2)c1,> 99.5,,,1.11,2.3,Weak
WIL-UNI-1faa9b10-12,O=C(NCc1nnc2c(=O)[nH]ccn12)Nc1cccc(F)c1,> 99.5,,,,,Weak
WIL-UNI-1faa9b10-14,Nc1cc(F)c(F)cc1C(=O)NCC(=O)Nc1ccc(F)c(F)c1F,> 99.5,,,1.68,4.0,Weak
WIL-UNI-1faa9b10-16,NS(=O)(=O)c1cccc(NC(=O)COC(=O)c2ccc(F)cc2)c1,> 99.5,,,,,Weak
WIL-UNI-1faa9b10-19,O=C(CCNS(=O)(=O)c1ccccc1F)NNc1ccc(F)cc1,> 99.5,,,0.196,4.0,Weak
WIL-UNI-1faa9b10-20,Nc1c(NS(=O)(=O)c2ccc(F)cc2)cccc1S(N)(=O)=O,> 99.5,,,,,Weak
WIL-UNI-1faa9b10-21,CS(=O)(=O)Nc1cc(C(=O)NNc2ccc(F)c(F)c2)ccc1Cl,> 99.5,,,,,Weak
WIL-UNI-1faa9b10-22,CSc1ccccc1S(=O)(=O)NCc1cc(S(N)(=O)=O)ccc1F,> 99.5,,,,,Weak
WIL-UNI-1faa9b10-23,CC(=O)Nc1cccc(CNC(=O)C(=O)Nc2cccc(F)c2)c1,> 99.5,,,,,Weak
WIL-UNI-1faa9b10-25,NS(=O)(=O)c1cc(C(=O)NCc2c(F)cccc2Cl)ccc1F,> 99.5,,,,,Weak
WIL-UNI-1faa9b10-27,NS(=O)(=O)c1ccc(F)c(CNS(=O)(=O)c2ccccc2F)c1,> 99.5,,,,,Weak
WIL-UNI-1faa9b10-28,NC(=O)c1cc(NC(=O)C(=O)NCc2ccccc2F)ccc1F,> 99.5,,,0.399,4.0,Weak
WIL-UNI-1faa9b10-3,Nc1ncncc1CNC(=O)C(=O)Nc1ccc(F)c(F)c1,> 99.5,,,0.19,2.3,Weak
WIL-UNI-1faa9b10-33,NS(=O)(=O)c1ccc(Cl)c(C(=O)NCc2ccc(F)c(F)c2)c1,> 99.5,,,,,Weak
WIL-UNI-1faa9b10-37,NC(=O)c1cc(CNC(=O)C(=O)Nc2cc(F)ccc2F)on1,> 99.5,,,,,Weak
WIL-UNI-1faa9b10-43,CN(CCNC(=O)c1cocn1)C(=O)c1c[nH]c(C(N)=O)c1,> 99.5,,,0.809,4.0,Weak
WIL-UNI-1faa9b10-44,COc1ccc(C(N)=O)cc1S(=O)(=O)NC(=O)c1cccc(F)c1,> 99.5,,,-0.321,4.0,Weak
WIL-UNI-1faa9b10-47,NC(=O)c1cccc(NC(=O)NCc2noc3ccc(F)cc23)c1,> 99.5,,,,,Weak
WIL-UNI-1faa9b10-48,CN(CCNC(=O)c1cocn1)C(=O)c1ccc2oc(=O)[nH]c2c1,> 99.5,,,,,Weak
WIL-UNI-1faa9b10-50,CN(CCNC(=O)c1cnco1)C(=O)c1c[nH]c(C(N)=O)c1,> 99.5,,,,,Weak
WIL-UNI-1faa9b10-51,NC(=O)c1ccc(F)c(NC(=O)C(=O)NCc2ccccc2)c1,> 99.5,,,,,Weak
WIL-UNI-1faa9b10-54,CN(CCNC(=O)c1ccon1)C(=O)c1ccc(C(N)=O)nc1,> 99.5,,,,,Weak
WIL-UNI-1faa9b10-56,O=C(CNC(=O)c1ccc(F)cc1)Nc1ccc2[nH]c(=O)[nH]c2c1,> 99.5,,,3.95,3.0,Weak
WIL-UNI-1faa9b10-57,O=C(O)c1cc(S(=O)(=O)Nc2ccc3oc(=O)[nH]c3c2)ccc1F,> 99.5,,,,,Weak
WIL-UNI-1faa9b10-8,O=C(CNC(=O)C(=O)Nc1ccc(F)c(Cl)c1)Nc1cccnc1,> 99.5,,,1.58,2.3,Weak
WIL-UNI-2a57d06c-10,Cc1nc2sccn2c1CN(C)C(=O)c1cnc2sccn2c1=O,> 99.5,,,1.55,4.0,Weak
WIL-UNI-2a57d06c-13,Cc1nc2ccc(NCc3cnc4ccccn34)cn2n1,> 99.5,,,,,Weak
WIL-UNI-2a57d06c-16,O=C(NCc1nnc2c(=O)[nH]ccn12)c1ccnc2ccnn12,> 99.5,,,,,Weak
WIL-UNI-2a57d06c-18,O=C(NNc1nc2cccnc2s1)c1ccc2ccncc2c1,> 99.5,,,2.74,2.3,Weak
WIL-UNI-2a57d06c-19,Cn1ncc2c(NCc3ccc4cccnc4c3)ncnc21,> 99.5,,,,,Weak
WIL-UNI-2a57d06c-25,O=C(c1ccc2nnnn2c1)N1CCn2c(cc3ccccc32)C1,> 99.5,,,,,Weak
WIL-UNI-2a57d06c-26,Cc1cc(Nc2ccc3nc(C)sc3c2)n2ncnc2n1,> 99.5,,,2.6,3.0,Weak
WIL-UNI-2a57d06c-29,Cc1cc(C)n2ncc(C(=O)Nc3ccc4ncsc4c3)c2n1,> 99.5,,,,,Weak
WIL-UNI-2a57d06c-3,Cc1nc2cc(NC(=O)Cn3cnc4c(cnn4C)c3=O)ccc2o1,> 99.5,,,,,Weak
WIL-UNI-2a57d06c-31,O=C(Nc1ccc2nccnc2c1)c1csc2cncn12,> 99.5,,,,,Weak
WIL-UNI-2a57d06c-32,Cc1cc2c(N3CCc4[nH]c5ccccc5c4C3)nccn2n1,> 99.5,,,1.99,3.0,Weak
WIL-UNI-2a57d06c-33,Cc1cn2nc(NCc3ccc4ncccc4c3)sc2n1,> 99.5,,,2.07,2.3,Weak
WIL-UNI-2a57d06c-34,Cc1ccc2nnc(CNc3ccc4nnc(C(F)(F)F)n4n3)n2c1,> 99.5,,,,,Weak
WIL-UNI-2a57d06c-35,Cc1nc2ccc(NC(=O)Cn3ncn4nccc4c3=O)cc2s1,> 99.5,,,,,Weak
WIL-UNI-2a57d06c-37,Cc1ccc2ncnc(NCc3ccc4nonc4c3)c2c1,> 99.5,,,,,Weak
WIL-UNI-2a57d06c-38,O=C(NNc1cc(O)nc2ncccc12)c1ccnc2ccccc12,> 99.5,,,,,Weak
WIL-UNI-2a57d06c-4,Cc1cc2ncc(C(=O)Nc3ccc4oc(C)nc4c3)c(C)n2n1,> 99.5,,,3.32,2.3,Weak
WIL-UNI-2a57d06c-40,Cc1nc2ccc(NC(=O)NCc3ccc4[nH]c(=O)[nH]c4c3)cc2o1,> 99.5,,,1.08,2.3,Weak
WIL-UNI-2a57d06c-41,Cn1ncc2c(=O)[nH]c(NNC(=O)c3cccn4nccc34)nc21,> 99.5,,,,,Weak
WIL-UNI-2a57d06c-43,Cn1ccn2c(CNc3nc4ccccc4s3)nnc2c1=O,> 99.5,,,2.43,3.0,Weak
WIL-UNI-2a57d06c-45,Cc1nc2cc(C(=O)NNc3ccnc4cccnc34)ccc2o1,> 99.5,,,1.38,2.3,Weak
WIL-UNI-2a57d06c-47,Cn1c(NCc2cn3ccnc3s2)nc2ccccc21,> 99.5,,,,,Weak
WIL-UNI-2a57d06c-49,O=C(Nc1ccc2nncn2c1)c1ccc2scnc2c1,> 99.5,,,,,Weak
WIL-UNI-2a57d06c-7,Cn1ncc2cc(C(=O)NNc3nc4cccnc4s3)cnc21,> 99.5,,,,,Weak
WIL-UNI-2a57d06c-8,Cc1nc2ccc(NS(=O)(=O)c3cccc4nonc34)cc2o1,> 99.5,,,1.46,2.3,Weak
WIL-UNI-2e73223c-4,Cc1ccncc1OCCNC(=O)C(C)(C)c1cccc(Cl)c1,> 99.5,,,,,Weak
WIL-UNI-d4749f31-1,Cc1ccc(NCc2nnc3n(C)c(=O)c4ccccc4n23)cc1C,> 99.5,,,-0.315,4.0,Weak
WIL-UNI-d4749f31-10,Cc1cn2c(CNC(=O)c3cnn4ccccc34)c(C)nc2s1,> 99.5,,,0.773,4.0,Weak
WIL-UNI-d4749f31-11,N#CCc1cccc(NC(=O)c2cnn3cc(Br)cnc23)n1,> 99.5,,,-0.891,4.0,Weak
WIL-UNI-d4749f31-14,O=C(NNc1cc(O)nc2ncccc12)c1ccc2[nH]ccc2c1,> 99.5,,,0.915,2.1,Weak
WIL-UNI-d4749f31-15,Cc1cc(C(=O)Nc2cnc3nccn3c2)nn1-c1ccc(F)cc1,> 99.5,,,,,Weak
WIL-UNI-d4749f31-16,Cn1ccn2c(CNC(=O)c3ccc4ncsc4c3)nnc2c1=O,> 99.5,,,,,Weak
WIL-UNI-d4749f31-17,Cn1c(NC(=O)Cc2csc3nccn23)nc2ccc(F)cc21,> 99.5,,,,,Weak
WIL-UNI-d4749f31-18,O=C(NNc1ccnc2ccccc12)c1ccc2ncccc2c1,> 99.5,,,0.283,2.3,Weak
WIL-UNI-d4749f31-19,Cc1cc(O)c2cc(NC(=O)c3cnn4ccc(C)nc34)ccc2n1,> 99.5,,,0.381,2.3,Weak
WIL-UNI-d4749f31-2,O=C(Nc1ccc2c(O)ccnc2c1)c1ccc2ccncc2c1,> 99.5,,,0.453,2.3,Weak
WIL-UNI-d4749f31-22,O=C(Nc1cnc2nccn2c1)c1cn2c(Br)cnc2s1,> 99.5,,,1.43,4.0,Weak
WIL-UNI-d4749f31-24,Cc1ccc(C(=O)Nc2c(-c3cnn(C)c3)nc3ccccn23)cn1,> 99.5,,,0.215,4.0,Weak
WIL-UNI-d4749f31-26,Cn1cnnc1-c1cccc(NS(=O)(=O)c2c(Cl)nc3sccn23)c1,> 99.5,,,,,Weak
WIL-UNI-d4749f31-27,Cn1c(=O)oc2cc(S(=O)(=O)Nc3ccc4ncccc4c3)ccc21,> 99.5,,,,,Weak
WIL-UNI-d4749f31-3,Cc1cn2ccc(C(=O)Nc3nc(-c4cnn(C)c4)cs3)cc2n1,> 99.5,,,,,Weak
WIL-UNI-d4749f31-30,Cc1noc2ncc(CNc3ccc(-c4nnnn4C)cc3)cc12,> 99.5,,,0.38,4.0,Weak
WIL-UNI-d4749f31-33,Cc1nc2sccn2c1CN(C)C(=O)c1cn2ccccc2n1,> 99.5,,,1.57,4.0,Weak
WIL-UNI-d4749f31-34,CN(Cc1nc2ccccc2s1)C(=O)c1ccc2c(c1)nnn2C,> 99.5,,,-4.49,4.0,Weak
WIL-UNI-d4749f31-36,Cc1csc2ncc(C(=O)Nc3cccc4ncccc34)c(=O)n12,> 99.5,,,1.5,2.3,Weak
WIL-UNI-d4749f31-37,O=C(NNc1nc2ccccc2[nH]1)c1cc(O)nc2ccccc12,25.8,24.3,27.4,1.12,2.1,Quant
WIL-UNI-d4749f31-38,O=C(Nc1cccc2cc[nH]c12)c1cccc2[nH]c(=O)oc12,> 99.5,,,-1.37,4.0,Weak
WIL-UNI-d4749f31-39,Cn1c(NC(=O)c2cccnc2-n2cccn2)nc2cc(F)ccc21,> 99.5,,,0.488,3.0,Weak
WIL-UNI-d4749f31-4,O=C(Cc1c[nH]c2cc(Cl)ccc12)Nc1cccc2[nH]c(=O)[nH]c12,> 99.5,,,1.41,2.3,Weak
WIL-UNI-d4749f31-40,Cc1nn2c(CNc3ccc(Cn4cncn4)cc3)c(C)nc2s1,> 99.5,,,,,Weak
WIL-UNI-d4749f31-42,Cc1nc2cc(C(=O)NNc3nc4ccncc4s3)ccc2o1,> 99.5,,,1.81,4.0,Weak
WIL-UNI-d4749f31-43,Cc1nn(C)c2nc(Cl)cc(NNC(=O)c3ccnc4nn[nH]c34)c12,> 99.5,,,-0.0845,4.0,Weak
WIL-UNI-d4749f31-5,Cc1nnc(CNc2ccc3nnc(-c4ccccc4)n3n2)o1,> 99.5,,,,,Weak
WIL-UNI-d4749f31-7,CN(Cc1nnc2ccccn12)C(=O)c1ccnc2ccccc12,> 99.5,,,,,Weak
WIL-UNI-d4749f31-9,O=C(Nc1nn2cnnc2s1)c1csc(-c2ccccc2)n1,> 99.5,,,,,Weak
